公司,事業統編,行業大類,2015,2016,2017,2018,2019,2020,2021,2022,2023
台灣電力股份有限公司,	03795904,電力業,"85,603,834.00","90,866,033.00","100,609,547.00","98,049,409.00","91,546,137.00","93,210,416.00","98,590,994.09","98,193,883.45","93,328,083.64"
台塑石化股份有限公司,86522210,石化業,"29,527,295.00","28,291,155.00","27,252,561.00","28,430,749.00","27,521,238.00","25,633,761.00","26,680,814.96","24,467,046.58","24,234,494.00"
中國鋼鐵股份有限公司,30414175,鋼鐵業,"21,286,484.00","22,337,642.00","21,321,686.00","22,114,806.00","21,560,149.00","19,586,586.00","22,325,532.98","19,630,736.16","18,066,406.34"
台灣積體電路製造股份有限公司,22099131,半導體業,"5,534,786.00","6,281,286.00","6,633,853.00","7,722,664.00","7,695,245.00","9,375,966.00","10,123,691.97","11,085,995.68","11,418,277.62"
麥寮汽電股份有限公司,96975970,電力業,"12,161,865.00","11,286,910.00","11,214,352.00","9,754,872.00","9,643,836.00","10,690,414.00","8,683,412.22","9,628,309.62","9,443,380.10"
中龍鋼鐵股份有限公司,84613756,鋼鐵業,"9,725,006.00","9,448,189.00","9,840,746.00","10,119,832.00","9,037,597.00","9,142,275.00","9,612,038.48","8,970,700.00","9,216,366.06"
台灣塑膠工業股份有限公司,75708007,石化業,"8,166,007.00","7,921,691.00","8,208,337.00","8,130,386.00","7,924,290.00","7,933,829.00","7,911,814.00","8,048,723.83","8,130,027.41"
台灣化學纖維股份有限公司,58650902,石化業,"10,450,625.00","10,277,685.00","8,809,089.00","9,021,749.00","8,325,551.00","8,327,357.00","8,480,572.31","7,693,238.62","8,022,912.66"
和平電力股份有限公司,16096852,電力業,"7,750,608.00","8,036,390.00","7,795,279.00","7,799,548.00","7,667,001.00","7,907,870.00","7,530,932.15","7,381,564.71","7,995,242.90"
台灣中油股份有限公司,	03707901,石化業,"7,719,494.00","7,378,004.00","7,255,389.00","7,959,450.00","7,730,355.00","6,669,262.00","7,252,499.86","7,026,213.64","6,542,927.09"
南亞塑膠工業股份有限公司,75370905,石化業,"6,211,726.00","5,992,414.00","6,278,524.00","6,132,620.00","5,874,546.00","5,828,643.00","6,043,452.80","4,535,698.00","3,752,539.36"
台灣水泥股份有限公司,11913502,水泥業,"4,896,251.00","4,089,605.00","4,397,776.00","4,467,000.00","4,480,663.00","4,612,649.00","5,012,760.27","4,518,673.43","3,643,800.26"
亞洲水泥股份有限公司,	03244509,水泥業,"3,820,180.00","3,419,301.00","3,032,583.00","3,052,280.00","3,092,047.00","3,162,727.00","3,073,593.91","3,073,716.45","2,782,856.11"
長春石油化學股份有限公司,11384806,石化業,"2,824,541.00","2,898,873.00","2,995,424.00","3,125,994.00","3,328,595.00","3,470,703.00","3,355,183.44","3,131,951.99","2,475,901.51"
群創光電股份有限公司,12800225,光電業,"2,845,430.00","2,894,527.00","3,110,748.00","3,133,889.00","3,001,924.00","2,937,172.00","2,952,451.88","2,477,144.14","2,412,735.52"
森霸電力股份有限公司,70783499,電力業,"1,442,253.00","1,559,233.00","1,501,603.00","1,533,440.00","1,574,859.00","1,676,703.00","2,119,129.93","2,148,409.52","2,195,622.61"
友達光電股份有限公司,84149738,光電業,"2,470,361.00","2,538,218.00","2,692,689.00","2,713,370.00","2,349,590.00","2,262,801.00","2,235,582.73","1,950,003.71","1,971,912.89"
長生電力股份有限公司,96933037,電力業,"1,490,048.00","1,538,285.00","1,710,053.00","1,529,993.00","1,657,181.00","1,508,033.00","1,855,698.68","1,785,292.68","1,889,472.43"
華亞汽電股份有限公司,70783006,電力業,"2,275,028.00","2,378,654.00","2,496,647.00","2,473,476.00","2,454,610.00","2,420,314.00","2,295,216.08","1,844,498.58","1,844,407.99"
嘉惠電力股份有限公司,96976990,電力業,"882,910.00","898,999.00","851,694.00","859,921.00","872,511.00","906,496.00","1,591,142.15","1,762,350.81","1,775,020.33"
聯華電子股份有限公司,47217677,半導體業,"1,426,327.00","1,600,501.00","1,676,095.00","1,553,313.00","1,468,615.00","1,519,872.00","1,554,671.52","1,491,934.34","1,430,026.92"
大連化學工業股份有限公司,12233428,石化業,"1,550,315.00","1,559,313.00","1,756,017.00","1,669,938.00","849,911.00","823,830.00","1,005,441.30","1,586,877.57","1,384,650.66"
正隆股份有限公司,33085508,造紙業,"1,402,619.00","1,467,979.00","1,332,729.00","1,356,816.00","1,336,776.00","1,336,282.00","1,414,034.14","1,343,835.12","1,338,222.45"
台灣美光記憶體股份有限公司,28518076,半導體業,"352,033.00","426,861.00","515,973.00","577,869.00","656,319.00","803,355.00","1,002,502.02","1,135,953.48","1,156,889.39"
長春人造樹脂廠股份有限公司,11384708,石化業,"1,386,334.00","1,314,299.00","1,375,369.00","1,372,091.00","1,499,807.00","1,413,656.00","1,528,029.38","1,372,391.04","1,152,774.41"
星元電力股份有限公司,27945086,電力業,"827,867.00","844,658.00","984,322.00","999,796.00","1,009,381.00","919,303.00","618,165.63","1,019,729.00","1,076,692.51"
國光電力股份有限公司,70833553,電力業,"673,261.00","761,957.00","772,492.00","734,756.00","774,602.00","781,219.00","895,789.52","935,721.58","1,065,234.37"
星能電力股份有限公司,70783765,電力業,"705,960.00","812,506.00","808,247.00","811,219.00","867,026.00","888,914.00","1,012,740.42","1,017,133.16","1,038,526.42"
台灣美光晶圓科技股份有限公司,80353271,半導體業,"1,032,650.00","1,203,733.00","1,193,957.00","1,235,680.00","1,345,989.00","1,363,934.00","1,163,252.22","1,113,108.33","981,257.36"
中國石油化學工業開發股份有限公司,	03084741,石化業,"1,600,736.00","1,920,675.00","2,174,634.00","2,123,220.00","1,912,328.00","1,078,055.00","1,946,894.46","1,027,986.88","843,460.77"
東和鋼鐵企業股份有限公司,75280209,鋼鐵業,"724,597.00","661,283.00","709,907.00","858,207.00","795,358.00","805,634.00","891,348.00","792,716.90","822,114.05"
新桃電力股份有限公司,16596337,電力業,"926,146.00","958,021.00","888,689.00","942,891.00","959,354.00","949,312.00","993,985.27","575,518.29","766,057.17"
榮成紙業股份有限公司,34202841,造紙業,"332,640.00","406,903.00","246,717.00","523,695.00","510,882.00","497,515.00","768,858.22","879,171.90","747,331.29"
中華紙漿股份有限公司,94025264,造紙業,"824,317.00","827,213.00","834,904.00","824,296.00","782,328.00","793,318.00","839,443.32","766,444.55","727,555.62"
豐興鋼鐵股份有限公司,55389357,鋼鐵業,"778,414.00","775,548.00","790,756.00","771,274.00","713,996.00","762,531.00","843,168.16","736,173.57","696,740.22"
潤泰精密材料股份有限公司,86871981,水泥業,"673,213.00","745,764.00","652,145.00","578,089.00","644,135.00","595,973.00","565,265.61","602,892.90","674,335.94"
世界先進積體電路股份有限公司,84149358,半導體業,"627,573.00","721,107.00","717,746.00","782,106.00","715,817.00","667,446.00","694,006.75","695,440.87","632,278.14"
永豐餘工業用紙股份有限公司,27719048,造紙業,"527,671.00","514,985.00","541,862.00","712,707.00","725,600.00","745,714.00","686,099.66","561,924.31","614,963.78"
幸福水泥股份有限公司,40601248,水泥業,"715,576.00","694,174.00","650,426.00","594,532.00","644,566.00","672,647.00","608,316.25","585,047.53","606,629.51"
錦州科技股份有限公司,53520959,電力業,"584,184.00","604,751.00","670,566.00","621,396.00","597,227.00","573,651.00","669,575.79","426,895.14","600,828.46"
台灣玻璃工業股份有限公司,11914002,非金屬製品加工業,"665,608.00","673,968.00","717,588.00","651,252.00","743,752.00","661,160.00","745,291.97","665,939.88","598,879.83"
信大水泥股份有限公司,	03279507,水泥業,"671,877.00","593,355.00","532,476.00","505,226.00","527,261.00","605,550.00","618,396.13","515,662.89","592,621.92"
力晶積成電子製造股份有限公司,28112667,半導體業,"110,413.00","118,854.00","127,200.00","128,246.00","116,093.00","628,568.00","673,128.09","666,436.59","582,943.65"
遠東新世紀股份有限公司,	03522600,石化業,"643,730.00","658,667.00","663,405.00","686,857.00","673,927.00","745,917.00","751,602.27","692,539.13","569,531.79"
大園汽電共生股份有限公司,84526079,電力業,"443,298.00","446,352.00","469,169.00","461,025.00","437,263.00","464,492.00","588,943.23","592,640.34","566,629.45"
矽品精密工業股份有限公司,55991080,半導體業,0.00,0.00,0.00,0.00,0.00,0.00,0.00,"580,963.34","559,058.66"
三福氣體股份有限公司,11072509,石化業,0.00,0.00,0.00,0.00,0.00,0.00,0.00,"506,347.36","554,927.66"
聯亞科技股份有限公司,22099456,石化業,0.00,0.00,0.00,0.00,0.00,0.00,0.00,"584,561.31","553,705.98"
日月光半導體製造股份有限公司,76027628,半導體業,0.00,0.00,0.00,0.00,0.00,0.00,0.00,"573,075.72","543,558.41"
奇美實業股份有限公司,68387705,石化業,"625,430.00","669,117.00","743,659.00","694,821.00","644,292.00","613,904.00","691,694.09","570,955.31","542,811.13"
欣興電子股份有限公司,23535435,電子業,0.00,0.00,0.00,0.00,0.00,0.00,0.00,"518,310.21","537,380.48"
燁聯鋼鐵股份有限公司,23218395,鋼鐵業,"553,965.00","648,670.00","728,857.00","682,538.00","602,505.00","579,293.00","705,756.77","570,136.91","485,003.78"
南亞電路板股份有限公司,16096804,電子業,0.00,0.00,0.00,0.00,0.00,0.00,0.00,"486,877.16","442,870.11"
國喬石油化學股份有限公司,	04212250,石化業,"654,081.00","630,979.00","637,046.00","630,190.00","586,970.00","561,832.00","541,040.96","354,856.71","437,352.64"
南亞科技股份有限公司,89390656,半導體業,"265,931.00","290,022.00","390,825.00","434,663.00","461,709.00","464,754.00","435,150.28","430,643.82","430,324.12"
台灣康寧顯示玻璃股份有限公司,	04388145,非金屬製品加工業,"343,357.00","363,496.00","406,884.00","404,233.00","389,791.00","375,913.00","380,174.79","448,314.54","418,258.35"
台灣肥料股份有限公司,	03795101,石化業,0.00,0.00,0.00,0.00,0.00,0.00,0.00,"494,915.74","413,920.90"
中國人造纖維股份有限公司,	07066907,石化業,"459,304.00","471,038.00","455,799.00","554,465.00","481,379.00","429,872.00","442,863.97","438,889.70","410,657.17"
義芳化學工業股份有限公司,15395706,石化業,"411,372.00","438,626.00","436,216.00","446,678.00","438,716.00","465,148.00","440,221.29","376,117.11","404,894.34"
華邦電子股份有限公司,22099218,半導體業,"248,437.00","269,975.00","313,177.00","330,106.00","334,696.00","327,493.00","319,910.86","304,606.67","397,006.76"
艾杰旭顯示玻璃股份有限公司,70584724,非金屬製品加工業,"209,432.00","380,314.00","277,166.00","261,841.00","278,446.00","270,545.00","233,902.64","372,497.16","389,005.92"
亞東工業氣體股份有限公司,22522453,石化業,0.00,0.00,0.00,0.00,0.00,0.00,0.00,"324,260.19","356,607.21"
旺宏電子股份有限公司,22099548,半導體業,"401,309.00","377,079.00","432,482.00","419,026.00","394,160.00","423,042.00","392,356.83","366,040.29","355,303.42"
慶欣欣鋼鐵股份有限公司,80354671,鋼鐵業,"295,104.00","291,775.00","401,406.00","366,359.00","355,247.00","410,251.00","372,209.60","373,455.01","351,943.85"
東聯化學股份有限公司,14057995,石化業,"320,946.00","340,429.00","342,939.00","347,361.00","326,715.00","332,807.00",0.00,"340,053.20","343,758.89"
亞東石化股份有限公司,22318678,石化業,"222,307.00","251,720.00","275,805.00","130,947.00","432,144.00","399,123.00","381,691.97","339,529.45","338,342.85"
台灣汽電共生股份有限公司,86685142,電力業,"371,166.00","384,523.00","403,012.00","423,524.00","376,991.00","372,734.00","381,999.17","332,797.28","337,169.48"
力成科技股份有限公司,16082267,半導體業,0.00,0.00,0.00,0.00,0.00,0.00,0.00,"347,265.37","306,448.34"
華新麗華股份有限公司,35412204,鋼鐵業,"279,751.00","292,324.00","313,900.00","380,560.00","330,399.00","314,914.00","348,952.09","310,709.10","293,729.54"
新光合成纖維股份有限公司,	07435515,紡織業,"313,115.00","315,200.00","315,348.00","283,967.00","269,440.00","256,161.00","291,886.16","322,466.81","287,173.16"
京元電子股份有限公司,22507241,半導體業,0.00,0.00,0.00,0.00,0.00,0.00,0.00,"278,837.43","280,120.09"
協勝發鋼鐵廠股份有限公司,79254702,鋼鐵業,"303,877.00","248,989.00","300,709.00","292,615.00","285,645.00","271,769.00","292,153.74","262,673.87","274,545.14"
瀚宇彩晶股份有限公司,16450500,光電業,"339,659.00","344,183.00","381,424.00","359,378.00","366,686.00","376,426.00","371,450.37","316,161.65","265,839.99"
中鴻鋼鐵股份有限公司,	07838854,鋼鐵業,"266,762.00","304,393.00","305,725.00","299,432.00","279,722.00","285,187.00","269,930.86","258,417.61","260,634.45"
威致鋼鐵工業股份有限公司,69771636,鋼鐵業,"208,233.00","277,823.00","327,449.00","313,601.00","279,075.00","272,701.00","311,165.73","284,920.61","248,916.95"
景碩科技股份有限公司,70785139,電子業,0.00,0.00,0.00,0.00,0.00,0.00,0.00,"263,505.51","236,714.85"
林園先進材料科技股份有限公司,42818882,石化業,0.00,0.00,0.00,"217,207.00","216,509.00","256,730.00","285,787.93","274,634.12","230,847.60"
台塑勝高科技股份有限公司,89406518,半導體業,0.00,0.00,0.00,0.00,0.00,0.00,0.00,"229,949.97","229,103.31"
南茂科技股份有限公司,16130042,半導體業,0.00,0.00,0.00,0.00,0.00,0.00,0.00,"231,497.39","224,959.77"
凌巨科技股份有限公司,16432742,光電業,"66,172.00","278,257.00","338,619.00","251,579.00","195,841.00","182,118.00","248,967.23","228,698.45","224,922.87"
李長榮化學工業股份有限公司,39054405,石化業,"172,194.00","107,490.00","100,181.00","94,792.00","135,772.00",0.00,0.00,"248,530.32","215,745.08"
力鵬企業股份有限公司,33955322,石化業,"278,928.00","268,667.00","300,009.00","292,458.00","279,556.00","240,551.00","240,707.61","224,803.20","208,485.03"
台灣苯乙烯工業股份有限公司,20844865,石化業,"277,241.00","404,398.00","390,905.00","412,917.00","384,851.00","364,683.00","365,702.76","228,395.45","200,746.89"
榮剛材料科技股份有限公司,84252697,鋼鐵業,"153,951.00","164,096.00","171,837.00","157,630.00","160,191.00","132,852.00","140,964.87","196,134.27","192,033.58"
中美和石油化學股份有限公司,14040691,石化業,"211,772.00","206,243.00","204,077.00","208,854.00","189,160.00","168,787.00","194,556.92","203,125.48","185,233.53"
海光企業股份有限公司,75470524,鋼鐵業,"230,510.00","187,116.00","233,933.00","286,501.00","195,503.00","203,461.00","197,534.58","196,970.35","185,130.89"
易昇鋼鐵股份有限公司,28098406,鋼鐵業,"128,429.00","142,095.00","134,584.00","122,413.00","120,741.00","113,026.00","138,044.86","172,877.74","181,447.44"
台灣氯乙烯工業股份有限公司,19084015,石化業,"211,916.00","304,213.00","210,713.00","204,998.00","200,084.00","172,706.00","199,150.58","178,839.64","176,354.03"
尚承鋼鐵股份有限公司,27208480,鋼鐵業,"190,942.00","173,568.00","183,112.00","171,394.00","150,695.00","151,356.00","199,274.98","150,400.10","170,588.69"
大立光電股份有限公司,22480876,光電業,0.00,0.00,0.00,0.00,0.00,0.00,0.00,"149,248.94","164,275.32"
福懋興業股份有限公司,14001199,紡織業,"495,731.00","457,788.00","431,832.00","445,304.00","356,183.00","308,892.00","277,973.15","279,823.44","161,770.50"
力麗企業股份有限公司,	07663290,石化業,"224,713.00","204,917.00","216,385.00","215,144.00","209,849.00","188,046.00","191,450.49","217,487.64","156,729.03"
台灣必成股份有限公司,22662355,非金屬製品加工業,"270,418.00","273,382.00","256,989.00","262,041.00","254,547.00","230,435.00","257,574.41","203,968.30","154,669.44"
富喬工業股份有限公司,16834268,非金屬製品加工業,"206,387.00","208,856.00","207,777.00","216,287.00","203,387.00","157,434.00","175,464.61","172,933.05","151,358.74"
中鋼鋁業股份有限公司,96971313,鋁製造業,"188,616.00","212,347.00","208,283.00","210,216.00","201,799.00","179,706.00","202,897.73","178,500.10","147,580.24"
華通電腦股份有限公司,	04401392,電子業,0.00,0.00,0.00,0.00,0.00,0.00,0.00,"166,684.12","145,462.96"
燁輝企業股份有限公司,75947936,鋼鐵業,"120,133.00","135,117.00","152,153.00","139,223.00","132,506.00","129,160.00","144,255.66","144,568.91","145,362.35"
環球晶圓股份有限公司,28113286,半導體業,0.00,0.00,0.00,0.00,0.00,0.00,0.00,"157,966.20","145,193.38"
穩懋半導體股份有限公司,70752257,半導體業,"112,916.00","119,945.00","152,118.00","164,485.00","168,888.00","191,271.00","206,329.04","161,310.51","144,868.65"
台橡股份有限公司,	03553737,石化業,"145,774.00","155,189.00","166,175.00","158,173.00","156,909.00","145,266.00","159,379.54","149,150.52","144,345.17"
羅東鋼鐵廠股份有限公司,42010509,鋼鐵業,0.00,"122,692.00","116,147.00","133,826.00","119,433.00","116,497.00","156,062.70","144,760.65","143,939.85"
台灣聚合化學品股份有限公司,11917107,石化業,0.00,0.00,0.00,0.00,0.00,0.00,0.00,"139,850.39","142,391.27"
信昌化學工業股份有限公司,86120031,石化業,"384,496.00","308,204.00","336,415.00","373,608.00","319,800.00","275,142.00","272,288.57","290,104.38","138,448.47"
台灣志氯化學股份有限公司,22318516,石化業,0.00,0.00,0.00,0.00,0.00,0.00,0.00,"153,652.03","136,442.64"
台灣醋酸化學股份有限公司,80087041,石化業,0.00,0.00,0.00,0.00,0.00,0.00,0.00,"172,030.10","136,186.96"
頎邦科技股份有限公司,16130009,半導體業,0.00,0.00,0.00,0.00,0.00,0.00,0.00,"140,562.93","135,476.18"
建順煉鋼股份有限公司,55695790,鋼鐵業,"185,446.00","171,369.00","165,998.00","130,054.00","113,485.00","121,937.00","139,543.56","135,136.54","129,585.38"
中聯資源股份有限公司,86119908,非金屬製品加工業,0.00,0.00,0.00,0.00,"52,299.00","59,810.00","56,650.22","139,216.63","129,511.28"
台灣茂矽電子股份有限公司,22099110,半導體業,"110,084.00","165,962.00","185,520.00","208,667.00","175,591.00","223,622.00","210,204.00","197,318.87","125,937.23"
台南紡織股份有限公司,68919301,石化業,"101,205.00","93,236.00","93,216.00","93,969.00","81,958.00","66,596.00","61,478.00","134,111.02","123,999.30"
台灣福雷電子股份有限公司,22100242,半導體業,0.00,0.00,0.00,0.00,0.00,0.00,0.00,"136,367.02","118,894.17"
精材科技股份有限公司,16741846,電子業,"204,883.00","189,707.00","161,224.00","134,863.00","111,930.00","159,052.00","173,962.68","145,484.51","118,492.83"
福懋科技股份有限公司,23826736,半導體業,0.00,0.00,0.00,0.00,0.00,0.00,0.00,"129,514.17","112,003.28"
集盛實業股份有限公司,43295237,紡織業,0.00,0.00,0.00,0.00,0.00,0.00,0.00,"136,416.63","110,625.59"
永豐餘消費品實業股份有限公司,22327037,造紙業,"102,350.00","120,568.00","128,060.00","118,287.00","107,114.00","71,680.00","73,451.49","105,973.70","109,560.84"
亞洲聚合股份有限公司,20747385,石化業,0.00,0.00,0.00,0.00,0.00,0.00,0.00,"109,186.83","107,965.08"
華夏海灣塑膠股份有限公司,11686106,石化業,0.00,0.00,0.00,"153,992.00","140,667.00","130,539.00","139,100.90","116,150.46","104,626.60"
金居開發股份有限公司,16447610,銅製造業,0.00,0.00,0.00,0.00,0.00,0.00,0.00,"112,760.03","104,357.19"
廣源造紙股份有限公司,50301500,造紙業,"155,908.00","113,734.00","164,342.00","173,084.00","160,294.00","160,186.00","176,129.27","130,909.28","103,831.75"
華夏玻璃股份有限公司,47109348,非金屬製品加工業,"135,843.00","114,186.00","138,516.00","122,491.00","117,774.00","125,383.00","118,305.04","118,708.89","102,151.53"
超豐電子股份有限公司,	05126366,半導體業,0.00,0.00,0.00,0.00,0.00,0.00,0.00,"105,578.42","101,002.75"
大統益股份有限公司,20927014,食品業,0.00,0.00,0.00,0.00,0.00,0.00,0.00,"94,416.52","100,777.33"
裕鐵企業股份有限公司,85978401,鋼鐵業,0.00,"84,252.00","87,016.00","118,647.00","111,365.00","118,789.00","119,209.99","78,986.73","97,696.59"
聯成鋼鐵股份有限公司,22822748,鋼鐵業,"84,217.00","92,807.00","105,315.00","103,585.00","93,033.00","90,665.00","98,111.01","97,608.39","97,279.52"
宏遠興業股份有限公司,22817999,紡織業,"145,587.00","154,236.00","162,217.00","155,577.00","134,816.00","124,556.00","139,420.06","128,956.89","95,849.40"
台灣銅箔股份有限公司,61932639,銅製造業,0.00,0.00,0.00,0.00,0.00,0.00,0.00,"104,626.73","95,837.29"
冠軍建材股份有限公司,49701774,非金屬製品加工業,"97,745.00","79,317.00","73,697.00","87,341.00","91,439.00","92,107.00","88,929.78","88,750.77","88,416.84"
高雄塑酯化學工業股份有限公司,85803825,石化業,"119,648.00","116,446.00","108,128.00","101,716.00","96,160.00","91,341.00","101,929.40","88,671.87","87,789.50"
燿華電子股份有限公司,	05637971,電子業,0.00,0.00,0.00,0.00,0.00,0.00,0.00,"98,342.65","87,482.71"
唐榮鐵工廠股份有限公司,75460005,鋼鐵業,"167,335.00","192,093.00","212,868.00","176,697.00","156,062.00","172,719.00","151,749.00","103,364.39","86,380.27"
台灣石化合成股份有限公司,30974253,石化業,"110,913.00","117,526.00","133,789.00","141,992.00","28,189.00","115,869.00","135,239.93","102,212.38","84,843.90"
中鋼碳素化學股份有限公司,23221384,石化業,0.00,0.00,0.00,0.00,0.00,0.00,0.00,"90,374.68","83,693.76"
金像電子股份有限公司,30955404,電子業,0.00,0.00,0.00,0.00,0.00,0.00,0.00,"94,561.07","83,259.20"
台灣鋼聯股份有限公司,89528054,石化業,"130,987.00","127,795.00","109,320.00","118,992.00","100,120.00","98,762.00","81,440.15","86,238.53","82,523.04"
三義化學工業股份有限公司,23827741,石化業,0.00,0.00,0.00,0.00,0.00,0.00,0.00,"87,550.78","80,683.78"
正新橡膠工業股份有限公司,59504506,石化業,"89,484.00","84,343.00","83,400.00","79,863.00","73,965.00","70,930.00","68,895.28","96,171.70","79,551.45"
艾克爾國際科技股份有限公司,16631664,半導體業,0.00,0.00,0.00,0.00,0.00,0.00,0.00,"82,858.23","78,213.33"
環球橡膠股份有限公司,29058640,石化業,0.00,0.00,0.00,0.00,0.00,0.00,0.00,"100,843.91","77,863.80"
南中石化工業股份有限公司,97161348,石化業,0.00,0.00,0.00,0.00,0.00,0.00,0.00,"174,397.47","77,711.63"
統一企業股份有限公司,73251209,食品業,0.00,0.00,0.00,0.00,0.00,0.00,0.00,"73,674.89","77,562.29"
晶元光電股份有限公司,84149786,光電業,0.00,0.00,0.00,0.00,0.00,0.00,0.00,"127,755.17","77,385.86"
台灣寶理塑膠股份有限公司,22853994,石化業,0.00,0.00,0.00,0.00,0.00,0.00,0.00,"112,493.26","76,559.93"
統一實業股份有限公司,73252657,鋼鐵業,"139,076.00","140,670.00","142,238.00","135,245.00","116,963.00","117,759.00","129,421.30","112,189.69","76,338.59"
國巨股份有限公司,22636630,電子業,0.00,0.00,0.00,0.00,0.00,0.00,0.00,"72,988.28","75,048.35"
盛餘股份有限公司,79837539,鋼鐵業,"101,075.00","100,750.00","103,600.00","79,576.00","76,971.00","78,577.00","87,972.30","67,414.50","74,472.23"
晶兆成科技股份有限公司,28438025,半導體業,0.00,0.00,0.00,0.00,0.00,0.00,0.00,"76,778.25","72,087.01"
華泰電子股份有限公司,89004161,電子業,0.00,0.00,0.00,0.00,0.00,0.00,0.00,"68,622.43","71,037.46"
晉瑜企業股份有限公司,89939090,水泥業,0.00,0.00,0.00,0.00,0.00,0.00,0.00,"67,767.49","69,771.89"
元隆電子股份有限公司,22099174,半導體業,"41,851.00","66,247.00","71,569.00","78,179.00","68,299.00","77,372.00","80,372.04","75,336.98","68,999.59"
和益化學工業股份有限公司,	04312878,石化業,"87,754.00","85,773.00","90,991.00","87,394.00","93,942.00","84,244.00","90,737.01","81,704.86","67,652.71"
中興紡織廠股份有限公司,35082604,石化業,"152,822.00","154,492.00","165,558.00","168,667.00","163,154.00","138,579.00","153,631.89","125,413.72","65,538.47"
台硝股份有限公司,38033305,石化業,"46,905.00","56,722.00","58,212.00","65,459.00","64,679.00","63,380.00","61,748.50","65,168.59","63,984.01"
合晶科技股份有限公司,16138282,半導體業,"27,892.00","32,222.00","34,602.00","37,168.00","36,526.00","69,329.00","75,046.03","77,511.03","63,725.82"
得力實業股份有限公司,73686632,紡織業,"80,104.00","69,000.00","68,405.00","87,544.00","85,305.00","67,369.00","72,531.63","82,460.66","63,307.12"
台灣恩智浦半導體股份有限公司,89002500,半導體業,0.00,0.00,0.00,0.00,0.00,0.00,0.00,"68,551.87","63,083.91"
漢磊科技股份有限公司,54389725,半導體業,"57,595.00","70,729.00","74,885.00","78,564.00","70,262.00","67,292.00","85,970.56","80,452.22","62,555.19"
台灣糖業股份有限公司,	03794905,食品業,"97,044.00","102,761.00","106,524.00","91,743.00","93,083.00","83,549.00","83,823.34","65,559.54","62,528.51"
台塑科騰化學有限公司,53667030,石化業,0.00,0.00,0.00,0.00,0.00,0.00,0.00,"57,624.30","61,997.85"
新科光電材料股份有限公司,27366467,石化業,0.00,0.00,0.00,0.00,0.00,0.00,0.00,"64,015.02","60,630.88"
龍慶鋼鐵企業股份有限公司,85793919,鋼鐵業,"139,047.00","118,709.00","113,309.00","83,022.00","63,352.00","72,850.00","79,676.75","75,804.77","60,183.35"
立安東化工股份有限公司,20939460,石化業,"79,738.00","87,454.00","100,769.00","116,013.00","118,614.00","104,181.00","101,975.34","70,109.36","60,073.61"
勝一化工股份有限公司,75970680,石化業,0.00,0.00,0.00,0.00,0.00,0.00,0.00,"61,000.86","59,136.40"
李長榮科技股份有限公司,97173920,銅製造業,0.00,0.00,0.00,0.00,0.00,0.00,0.00,"61,530.96","58,722.90"
敬鵬工業股份有限公司,43816068,電子業,0.00,0.00,0.00,0.00,0.00,0.00,0.00,"61,475.70","58,414.40"
先豐通訊股份有限公司,22554807,電子業,0.00,0.00,0.00,0.00,0.00,0.00,0.00,"67,278.88","57,829.49"
華東科技股份有限公司,22101116,半導體業,0.00,0.00,0.00,0.00,0.00,0.00,0.00,"81,543.41","56,593.06"
合眾紙業股份有限公司,	04380087,造紙業,"65,438.00","63,861.00","68,452.00","67,221.00","60,893.00","62,689.00","64,893.82","61,178.86","56,007.74"
聯華氣體工業股份有限公司,	05258865,石化業,0.00,0.00,0.00,0.00,0.00,0.00,0.00,"58,456.42","55,955.89"
華新科技股份有限公司,19004316,電子業,0.00,0.00,0.00,0.00,0.00,0.00,0.00,"55,716.83","55,941.60"
東盟開發實業股份有限公司,88121697,鋼鐵業,0.00,0.00,0.00,0.00,0.00,0.00,"66,303.25","59,707.81","55,475.48"
中環股份有限公司,12205020,電子業,0.00,0.00,0.00,0.00,0.00,0.00,0.00,"69,407.03","54,694.42"
東南實業股份有限公司,11384405,石化業,0.00,0.00,0.00,0.00,0.00,0.00,0.00,"57,817.15","54,159.56"
義美食品股份有限公司,11768704,食品業,0.00,0.00,0.00,0.00,0.00,0.00,0.00,"53,395.96","53,860.66"
新唐科技股份有限公司,28112646,半導體業,"68,924.00","75,225.00","80,723.00","75,264.00","68,247.00","72,971.00","74,995.08","71,589.28","53,757.02"
聯成化學科技股份有限公司,	04748660,石化業,"80,563.00","84,560.00","89,482.00","84,226.00","89,942.00","97,288.00","39,709.68","55,651.92","51,543.54"
台日古河銅箔股份有限公司,97168665,銅製造業,0.00,0.00,0.00,0.00,0.00,0.00,0.00,"54,382.09","51,120.88"
合興石化工業股份有限公司,23531178,石化業,0.00,0.00,"73,147.00","73,899.00","45,079.00","55,114.00","62,752.50","50,708.86","50,724.46"
福隆玻璃纖維股份有限公司,22663571,非金屬製品加工業,"53,774.00","53,771.00","56,425.00","57,249.00","50,520.00","55,043.00","55,142.26","52,741.41","49,849.95"
大享容器工業股份有限公司,46007218,非金屬製品加工業,"96,615.00","99,263.00","101,904.00","99,894.00","95,969.00","104,775.00","100,867.92","65,986.49","48,125.09"
德州儀器工業股份有限公司,33405832,半導體業,0.00,0.00,0.00,0.00,0.00,0.00,0.00,"46,808.38","47,920.69"
台灣通用器材股份有限公司,38119936,半導體業,0.00,0.00,0.00,0.00,0.00,0.00,0.00,"46,383.44","47,916.20"
味丹企業股份有限公司,56121907,食品業,"250,402.00","224,136.00","171,828.00","172,672.00","178,899.00","111,334.00","83,684.37","55,622.22","47,645.00"
漢泰鋼鐵廠股份有限公司,75688109,鋼鐵業,"60,672.00","42,430.00","40,084.00","39,255.00","42,023.00","47,718.00","48,316.91","43,601.37","46,990.03"
聯穎光電股份有限公司,53170263,半導體業,"55,347.00","59,100.00","59,558.00","55,717.00","52,036.00","57,751.00","56,862.72","56,538.53","46,705.12"
誠美材料科技股份有限公司,27790294,光電業,0.00,0.00,0.00,0.00,0.00,0.00,0.00,"46,943.87","46,382.84"
中聯油脂股份有限公司,89480404,食品業,0.00,0.00,0.00,0.00,0.00,0.00,"47,663.19","47,163.37","46,277.12"
宏捷科技股份有限公司,16130423,半導體業,"18,339.00","17,646.00","20,021.00","17,311.00","18,406.00","30,259.00","36,406.05","46,127.90","46,239.24"
精金科技股份有限公司,70750217,光電業,0.00,0.00,"80,606.00","75,421.00","95,545.00","77,964.00","84,749.55","56,604.33","45,640.33"
台燿科技股份有限公司,	04226091,電子業,0.00,0.00,0.00,0.00,0.00,0.00,0.00,"48,627.00","45,464.26"
住華科技股份有限公司,70848177,電子業,0.00,0.00,0.00,0.00,0.00,0.00,0.00,"44,762.40","43,815.22"
藍海氣體工業股份有限公司,28438186,石化業,0.00,0.00,0.00,0.00,0.00,0.00,0.00,"43,176.59","43,581.91"
台塑旭彈性纖維股份有限公司,16446128,石化業,0.00,0.00,0.00,0.00,0.00,0.00,0.00,"47,764.16","43,544.72"
元晶太陽能科技股份有限公司,28997300,光電業,0.00,0.00,0.00,0.00,0.00,0.00,0.00,"39,798.23","43,389.37"
日皓造紙工業股份有限公司,24001900,造紙業,"55,676.00","58,904.00","64,433.00","74,957.00","53,035.00","46,858.00",0.00,"39,616.92","42,095.80"
新隆纖維染整股份有限公司,	07472834,紡織業,"44,793.00","46,254.00","43,238.00","46,574.00","43,936.00","31,757.00","37,868.27","44,656.10","42,063.17"
采鈺科技股份有限公司,80601119,電子業,0.00,0.00,0.00,"35,206.00","36,428.00","37,658.00","44,281.86","28,121.19","41,970.21"
巧新科技工業股份有限公司,84980915,鋁製造業,0.00,0.00,0.00,0.00,0.00,0.00,0.00,"42,464.34","41,908.52"
餘慶堂興業股份有限公司,28730458,水泥業,0.00,0.00,0.00,0.00,0.00,0.00,0.00,"39,202.99","41,399.65"
盧森堡商達爾國際股份有限公司,51158518,半導體業,0.00,0.00,0.00,0.00,0.00,0.00,0.00,"11,642.04","40,586.04"
六和機械股份有限公司,44528635,汽機車業,0.00,0.00,0.00,0.00,0.00,0.00,0.00,"43,450.21","40,337.86"
矽格股份有限公司,23218022,半導體業,0.00,0.00,0.00,0.00,0.00,0.00,0.00,"42,216.57","40,326.73"
名佳利金屬工業股份有限公司,45018531,銅製造業,0.00,0.00,0.00,0.00,0.00,0.00,0.00,"41,649.37","40,219.90"
聯合再生能源股份有限公司,27763753,光電業,0.00,0.00,0.00,0.00,0.00,0.00,0.00,"57,042.12","40,135.27"
晶碩光學股份有限公司,25021158,眼鏡製造業,0.00,0.00,0.00,0.00,0.00,0.00,0.00,0.00,"39,959.65"
萬洲化學股份有限公司,	03244705,石化業,0.00,0.00,0.00,0.00,0.00,0.00,0.00,"40,178.85","39,754.32"
南港輪胎股份有限公司,11520909,石化業,0.00,0.00,0.00,0.00,0.00,0.00,0.00,"39,545.55","38,973.45"
台榮產業股份有限公司,	03543210,碾穀、磨粉及澱粉製品製造業,0.00,"50,379.00",0.00,0.00,0.00,0.00,0.00,"30,597.35","38,842.05"
國瑞汽車股份有限公司,12488060,汽機車業,0.00,0.00,0.00,0.00,0.00,0.00,0.00,"38,292.57","38,699.37"
台達化學工業股份有限公司,11893409,石化業,0.00,0.00,0.00,0.00,0.00,0.00,0.00,"38,343.14","38,292.50"
上銀科技股份有限公司,23503047,金屬加工用機械設備製造業,0.00,0.00,0.00,0.00,0.00,0.00,0.00,"45,225.00","37,750.58"
台灣卜蜂企業股份有限公司,36514783,食品業,0.00,0.00,0.00,0.00,0.00,0.00,0.00,"47,193.64","37,423.87"
友達晶材股份有限公司,24410807,光電業,0.00,0.00,0.00,0.00,0.00,0.00,0.00,"52,351.62","37,147.04"
達輝光電股份有限公司,28230046,光電業,0.00,0.00,0.00,0.00,0.00,0.00,0.00,"38,984.33","37,057.70"
三陽工業股份有限公司,24004006,汽機車業,0.00,0.00,0.00,0.00,0.00,0.00,0.00,"33,745.86","36,957.84"
東隆興業股份有限公司,18770509,紡織業,"44,547.00","44,588.00","47,450.00","38,397.00",0.00,0.00,0.00,"63,390.60","36,235.44"
安瀚視特股份有限公司,70781345,非金屬製品加工業,0.00,0.00,0.00,0.00,0.00,0.00,0.00,"42,238.62","36,225.47"
三洋窯業股份有限公司,34263157,非金屬製品加工業,"46,215.00","37,617.00","36,487.00","32,958.00","32,866.00","37,099.00","36,098.43","37,151.37","36,224.62"
宏全國際股份有限公司,58176511,鋼鐵業,0.00,0.00,0.00,0.00,0.00,0.00,0.00,"33,658.35","35,957.71"
台耀化學股份有限公司,96922622,石化業,0.00,0.00,0.00,0.00,0.00,0.00,0.00,"33,473.98","35,349.44"
鴻揚半導體股份有限公司,90505585,半導體業,0.00,0.00,0.00,0.00,0.00,0.00,0.00,"40,298.52","35,031.68"
環球水泥股份有限公司,	07568009,水泥業,"42,962.00","44,401.00","40,536.00","9,915.00","9,617.00",0.00,"32,994.05","32,584.56","34,845.22"
台灣國際造船股份有限公司,	04695235,造船業,0.00,0.00,0.00,0.00,0.00,0.00,0.00,0.00,"34,260.33"
大同染整股份有限公司,	07014916,紡織業,"54,575.00","41,913.00","42,635.00","40,209.00","36,293.00","24,554.00",0.00,"41,075.82","34,251.79"
科德寶遠東股份有限公司,22663158,紡織業,0.00,0.00,0.00,0.00,0.00,0.00,0.00,"38,116.15","34,066.55"
錦美紙業股份有限公司,34175598,造紙業,"39,958.00",0.00,"47,094.00","49,122.00","46,867.00","42,414.00","51,169.68","41,160.23","33,756.03"
怡華實業股份有限公司,33144175,紡織業,0.00,0.00,0.00,0.00,0.00,0.00,0.00,"52,738.10","33,730.26"
遠東氣體工業股份有限公司,22956507,石化業,0.00,0.00,0.00,0.00,0.00,0.00,0.00,"37,738.03","33,414.13"
紡安股份有限公司,25131486,紡織業,0.00,0.00,0.00,0.00,0.00,0.00,0.00,"49,051.32","33,381.23"
環泰企業股份有限公司,12529007,食品業,"35,322.00","35,173.00","31,586.00","32,662.00","31,432.00","32,785.00","30,970.50","30,351.83","32,769.62"
達邁科技股份有限公司,70776899,電子業,0.00,0.00,0.00,0.00,0.00,0.00,0.00,"35,699.85","32,466.63"
國聯矽業化學股份有限公司,36550632,石化業,0.00,0.00,0.00,0.00,0.00,0.00,0.00,"40,023.75","32,133.49"
台合科技股份有限公司,12691423,石化業,0.00,0.00,0.00,0.00,0.00,0.00,"98,907.37","29,596.23","32,000.77"
台星科股份有限公司,70552666,電子業,0.00,0.00,"30,770.00","29,571.00","27,696.00","29,624.00","32,105.55","32,910.46","31,960.87"
金車股份有限公司,	05007903,食品業,0.00,0.00,0.00,0.00,0.00,0.00,0.00,"31,147.76","31,717.24"
連大興有限公司,80445899,紡織業,0.00,0.00,0.00,0.00,0.00,0.00,0.00,"40,932.56","31,442.73"
長興材料工業股份有限公司,75339004,石化業,0.00,0.00,0.00,0.00,0.00,0.00,0.00,"33,524.42","31,334.93"
東齊染整股份有限公司,54796568,紡織業,0.00,0.00,0.00,0.00,"32,434.00","34,102.00","32,617.51","29,477.18","30,654.32"
旭德科技股份有限公司,16638110,電子業,0.00,0.00,0.00,0.00,0.00,0.00,0.00,"31,092.03","30,641.43"
台豐印刷電路工業股份有限公司,11833698,電子業,0.00,0.00,0.00,0.00,0.00,0.00,0.00,"37,169.93","30,601.21"
曜智實業股份有限公司,12617727,紡織業,0.00,0.00,0.00,0.00,"7,050.00","23,528.00","29,572.35","31,007.23","30,520.60"
楠梓電子股份有限公司,76026851,電子業,0.00,0.00,0.00,0.00,0.00,0.00,0.00,"39,541.92","30,187.97"
白馬窯業股份有限公司,34258318,非金屬製品加工業,"67,469.00","71,865.00","40,654.00","37,512.00",0.00,0.00,0.00,"33,364.18","29,800.23"
台亞半導體股份有限公司,47255947,半導體業,0.00,0.00,0.00,0.00,0.00,0.00,0.00,"27,587.25","29,470.95"
欣銓科技股份有限公司,70751779,半導體業,0.00,0.00,0.00,0.00,0.00,0.00,0.00,0.00,"29,209.67"
台灣史谷脫紙業股份有限公司,11820053,造紙業,0.00,0.00,0.00,0.00,0.00,0.00,0.00,"31,435.29","29,187.48"
矽格聯測股份有限公司,84149456,半導體業,0.00,0.00,0.00,0.00,0.00,0.00,0.00,"36,258.71","28,846.04"
豐年豐和企業股份有限公司,16635562,食品業,"51,823.00","57,128.00","53,373.00","46,370.00","45,079.00","36,327.00","38,893.94","36,743.87","28,841.94"
欣建工業股份有限公司,28042430,鋼鐵業,"39,629.00","42,390.00","41,346.00","39,566.00",0.00,0.00,0.00,"30,199.38","28,783.08"
能元科技股份有限公司,16441469,電池製造業,0.00,0.00,0.00,0.00,0.00,0.00,0.00,"34,934.46","28,685.76"
美商蘋果電子股份有限公司,54393468,光電業,"10,682.00","17,951.00","22,106.00","22,442.00","21,770.00","22,372.00","21,959.31","28,747.56","28,279.75"
燁興企業股份有限公司,75992214,鋼鐵業,0.00,0.00,0.00,0.00,0.00,0.00,0.00,"30,161.67","28,088.52"
台灣普利司通股份有限公司,43031502,石化業,0.00,0.00,0.00,0.00,0.00,0.00,0.00,"30,738.44","27,765.63"
和大工業股份有限公司,52264848,汽機車業,0.00,0.00,0.00,0.00,0.00,0.00,0.00,"27,676.28","27,538.52"
廣達電腦股份有限公司,22822281,電子業,0.00,0.00,0.00,0.00,0.00,0.00,0.00,"30,071.34","27,465.66"
台灣紙業股份有限公司,11912102,石化業,"125,150.00","94,870.00","33,608.00",0.00,0.00,0.00,0.00,"28,558.08","27,016.77"
漢翔航空工業股份有限公司,97160544,航空業,0.00,0.00,0.00,0.00,0.00,0.00,0.00,0.00,"26,878.01"
建大工業股份有限公司,59619900,石化業,0.00,0.00,0.00,0.00,0.00,0.00,0.00,"33,885.83","26,817.59"
宏洲纖維工業股份有限公司,	07220710,石化業,0.00,0.00,0.00,0.00,0.00,0.00,0.00,"40,295.09","26,586.75"
泓達化工股份有限公司,23418128,石化業,0.00,0.00,0.00,0.00,0.00,0.00,0.00,"26,284.49","26,362.13"
建榮工業材料股份有限公司,86691377,紡織業,0.00,0.00,0.00,0.00,0.00,0.00,0.00,"28,594.56","26,219.20"
晉禾企業股份有限公司,88680066,鋼鐵業,0.00,0.00,0.00,0.00,0.00,0.00,0.00,"32,010.86","25,589.24"
銓盟企業股份有限公司,23313356,紡織業,"29,023.00",0.00,"25,327.00",0.00,0.00,0.00,0.00,"29,571.64","25,520.59"
台鹽實業股份有限公司,89397503,食品業,"27,570.00","23,857.00","25,301.00","23,297.00","23,974.00","24,526.00","23,867.23","25,321.91","25,475.44"
金元福包裝企業股份有限公司,34227006,石化業,0.00,0.00,0.00,0.00,0.00,0.00,0.00,"25,713.80","24,894.98"
東欣實業股份有限公司,89356756,紡織業,0.00,0.00,0.00,0.00,0.00,0.00,0.00,"26,179.24","24,849.99"
鉅輝鋼鐵股份有限公司,13079654,鋼鐵業,0.00,0.00,0.00,0.00,0.00,0.00,0.00,"26,957.20","24,460.97"
台群工業股份有限公司,25049986,紡織業,0.00,0.00,"26,176.00",0.00,0.00,0.00,0.00,"21,382.05","24,341.61"
東培工業股份有限公司,	07220508,鋼鐵業,0.00,0.00,0.00,0.00,0.00,0.00,0.00,"31,201.51","24,321.60"
台灣華可貴股份有限公司,44883108,紡織業,0.00,0.00,0.00,0.00,0.00,0.00,0.00,"31,272.05","23,882.25"
台灣湯淺電池股份有限公司,35878589,電池製造業,0.00,0.00,0.00,0.00,0.00,0.00,0.00,"27,608.68","23,711.45"
碁富食品股份有限公司,22360437,食品業,0.00,0.00,0.00,0.00,0.00,0.00,0.00,"25,088.07","23,488.83"
紘楷股份有限公司,70738116,紡織業,"25,600.00",0.00,0.00,0.00,0.00,0.00,0.00,"27,624.42","23,315.92"
昇陽國際半導體股份有限公司,84149884,半導體業,0.00,0.00,0.00,0.00,0.00,0.00,0.00,"25,075.03","23,176.43"
三芳化學工業股份有限公司,83387850,石化業,"47,511.00","55,984.00","59,378.00","52,926.00","43,930.00",0.00,0.00,"29,846.39","22,860.41"
和友紡織股份有限公司,35192807,紡織業,0.00,0.00,0.00,0.00,0.00,0.00,0.00,"28,707.74","22,713.85"
南帝化學工業股份有限公司,12209807,石化業,0.00,0.00,0.00,0.00,0.00,0.00,0.00,"32,285.36","21,690.09"
遠東先進纖維股份有限公司,89392269,石化業,0.00,0.00,0.00,0.00,0.00,0.00,0.00,"25,795.27","21,529.51"
嘉聯益科技股份有限公司,86980046,電子業,0.00,0.00,0.00,0.00,0.00,0.00,0.00,"37,555.07","21,346.44"
春雨工廠股份有限公司,88187108,鋼鐵業,0.00,0.00,0.00,0.00,0.00,0.00,0.00,"15,225.71","21,093.65"
上評資源循環股份有限公司,91004618,造紙業,0.00,0.00,0.00,0.00,0.00,0.00,0.00,"22,450.08","21,031.50"
古河銅箔股份有限公司,53372182,銅製造業,0.00,0.00,0.00,0.00,0.00,0.00,0.00,"25,779.21","20,753.19"
年興紡織股份有限公司,22266307,紡織業,0.00,0.00,0.00,0.00,0.00,0.00,0.00,"34,031.88","20,256.36"
大鐘印染股份有限公司,57002416,紡織業,0.00,"61,040.00",0.00,"58,476.00","50,424.00","47,563.00","41,636.57","21,043.54","19,942.85"
巨大機械工業股份有限公司,56054251,自行車業,0.00,0.00,0.00,0.00,0.00,0.00,0.00,"27,775.23","19,911.17"
元太科技工業股份有限公司,22099890,光電業,"37,577.00","32,304.00","21,332.00","19,631.00","17,168.00","16,009.00","14,913.60","17,573.74","19,565.89"
香榮實業股份有限公司,13035951,紡織業,0.00,0.00,0.00,0.00,0.00,0.00,0.00,"22,824.96","19,430.10"
翔新企業股份有限公司,84570243,紡織業,"23,261.00",0.00,0.00,0.00,0.00,0.00,"27,798.03","20,805.01","19,025.85"
中華凸版電子股份有限公司,16083358,半導體業,"21,596.00","23,955.00","25,626.00","22,763.00","22,393.00","23,163.00","23,571.28","21,621.56","19,021.15"
敦南科技股份有限公司,23528103,半導體業,"70,683.00","84,148.00","89,625.00","82,968.00","76,985.00","76,379.00","106,005.71","60,274.93","18,619.83"
亞太優勢微系統股份有限公司,70815339,半導體業,0.00,0.00,0.00,0.00,0.00,0.00,0.00,"18,838.23","18,474.16"
東明纖維工業股份有限公司,	07205416,紡織業,0.00,0.00,0.00,0.00,0.00,0.00,"30,263.47","33,110.52","18,349.68"
獻麒紡織工業股份有限公司,22474430,紡織業,0.00,0.00,0.00,0.00,0.00,0.00,"28,685.70","26,015.60","17,962.08"
台灣半導體股份有限公司,34286449,半導體業,0.00,0.00,0.00,"6,582.00","8,797.00","9,482.00","9,631.87","10,376.11","14,803.56"
大統新創股份有限公司,22267777,紡織業,"37,576.00","36,458.00","35,441.00","38,971.00","35,793.00","33,646.00","42,147.97","23,749.63","13,793.74"
艾克爾先進科技股份有限公司,16847968,半導體業,0.00,0.00,"13,620.00","13,441.00","13,121.00","14,348.00","14,586.39","13,076.25","11,570.77"
可成科技股份有限公司,69905810,鋁製造業,0.00,0.00,0.00,0.00,0.00,0.00,0.00,"26,446.78","11,239.77"
辛耘企業股份有限公司,30901647,半導體業,0.00,0.00,"10,696.00","10,558.00","9,393.00","9,782.00","10,597.41","10,432.07","10,390.68"
晶成半導體股份有限公司,28114454,半導體業,0.00,0.00,0.00,0.00,0.00,0.00,0.00,"7,404.48","7,234.61"
新瑞倡企業股份有限公司,	07620770,紡織業,"26,297.00",0.00,0.00,0.00,0.00,0.00,"29,294.46","11,060.55","6,683.94"
台灣高技股份有限公司,22099343,電子業,0.00,0.00,"3,894.00","4,008.00","4,228.00","4,418.00","4,515.48","4,842.28","5,784.80"