年度,管制編號,事業名稱,公司,事業統編,直接排放量(公噸CO2e),能源間接排放量(公噸CO2e),合計排放量(公噸CO2e),工廠排放量佔比,公司總排放量,行業大類排放量,行業大類佔比,縣市別,縣市別排放量,縣市別排放量佔比,行業分類,行業大類
112,L9202231,三福氣體股份有限公司中科分公司中科二廠,三福氣體股份有限公司,11072509,87.08,"35,381.55","35,468.62",6.39%,"554,927.66","554,927.66",100.00%,台中市,"68,488.90",12.34%,化學原材料製造業,石化業
112,L92A0991,三福氣體股份有限公司中科分公司中科三廠,三福氣體股份有限公司,11072509,0.62,"33,019.65","33,020.28",5.95%,"554,927.66","554,927.66",100.00%,台中市,"68,488.90",12.34%,化學原材料製造業,石化業
112,B9501153,聯亞科技股份有限公司中科聯豐工廠,聯亞科技股份有限公司,22099456,9.30,"56,662.20","56,671.50",10.23%,"553,705.98","553,705.98",100.00%,台中市,"107,698.04",19.45%,化學原材料製造業,石化業
112,L9506663,聯亞科技股份有限公司中科工廠,聯亞科技股份有限公司,22099456,3.06,"51,023.48","51,026.54",9.22%,"553,705.98","553,705.98",100.00%,台中市,"107,698.04",19.45%,化學原材料製造業,石化業
112,L91A1845,亞東工業氣體股份有限公司台中分公司,亞東工業氣體股份有限公司,22522453,"6,517.16","70,736.79","77,253.95",21.66%,"356,607.21","356,607.21",100.00%,台中市,"209,758.83",58.82%,化學原材料製造業,石化業
112,B9503291,亞東工業氣體股份有限公司中科園區分公司二廠,亞東工業氣體股份有限公司,22522453,5.14,"75,993.80","75,998.94",21.31%,"356,607.21","356,607.21",100.00%,台中市,"209,758.83",58.82%,化學原材料製造業,石化業
112,L9101748,中美和石油化學股份有限公司台中廠,中美和石油化學股份有限公司,14040691,"155,795.34","29,438.19","185,233.53",100.00%,"185,233.53","185,233.53",100.00%,台中市,"185,233.53",100.00%,化學原材料製造業,石化業
112,L91A2566,藍海氣體工業股份有限公司台中廠,藍海氣體工業股份有限公司,28438186,103.49,"43,478.42","43,581.91",100.00%,"43,581.91","43,581.91",100.00%,台中市,"43,581.91",100.00%,化學原材料製造業,石化業
112,L02A1943,餘慶堂興業股份有限公司研磨廠,餘慶堂興業股份有限公司,28730458,"17,708.20","23,691.45","41,399.65",100.00%,"41,399.65","41,399.65",100.00%,台中市,"41,399.65",100.00%,水泥及其製品製造業,水泥業
112,B23B6125,台灣積體電路製造股份有限公司十五B廠,台灣積體電路製造股份有限公司,22099131,"140,542.41","1,567,673.04","1,708,215.45",14.96%,"11,418,277.62","11,418,277.62",100.00%,台中市,"2,790,366.11",24.44%,半導體製造業,半導體業
112,L95A2041,台灣積體電路製造股份有限公司15廠,台灣積體電路製造股份有限公司,22099131,"162,883.72","830,364.09","993,247.81",8.70%,"11,418,277.62","11,418,277.62",100.00%,台中市,"2,790,366.11",24.44%,半導體製造業,半導體業
112,B9503479,台灣積體電路製造股份有限公司先進封測五廠,台灣積體電路製造股份有限公司,22099131,758.91,"88,143.94","88,902.85",0.78%,"11,418,277.62","11,418,277.62",100.00%,台中市,"2,790,366.11",24.44%,半導體製造業,半導體業
112,L9202099,台灣美光記憶體股份有限公司台中一廠,台灣美光記憶體股份有限公司,28518076,"110,168.50","537,333.60","647,502.10",55.97%,"1,156,889.39","1,156,889.39",100.00%,台中市,"1,156,889.39",100.00%,半導體製造業,半導體業
112,B9205905,台灣美光記憶體股份有限公司台中三廠,台灣美光記憶體股份有限公司,28518076,"41,482.22","281,727.14","323,209.36",27.94%,"1,156,889.39","1,156,889.39",100.00%,台中市,"1,156,889.39",100.00%,半導體製造業,半導體業
112,B9202664,台灣美光記憶體股份有限公司台中二廠,台灣美光記憶體股份有限公司,28518076,"10,214.34","175,963.59","186,177.93",16.09%,"1,156,889.39","1,156,889.39",100.00%,台中市,"1,156,889.39",100.00%,半導體製造業,半導體業
112,B9502212,矽品精密工業股份有限公司中科廠,矽品精密工業股份有限公司,55991080,"5,422.53","205,090.83","210,513.36",37.65%,"559,058.66","559,058.66",100.00%,台中市,"404,053.87",72.27%,半導體製造業,半導體業
112,L9402188,矽品精密工業股份有限公司中山廠,矽品精密工業股份有限公司,55991080,"1,368.77","108,670.90","110,039.67",19.68%,"559,058.66","559,058.66",100.00%,台中市,"404,053.87",72.27%,半導體製造業,半導體業
112,L9401476,矽品精密工業股份有限公司大豐廠,矽品精密工業股份有限公司,55991080,"7,853.11","75,647.73","83,500.84",14.94%,"559,058.66","559,058.66",100.00%,台中市,"404,053.87",72.27%,半導體製造業,半導體業
112,L9506056,華邦電子股份有限公司中科廠,華邦電子股份有限公司,22099218,"32,108.58","251,278.93","283,387.51",71.38%,"397,006.76","397,006.76",100.00%,台中市,"283,387.51",71.38%,半導體製造業,半導體業
112,B23A2532,亞東工業氣體股份有限公司-中科園區分公司,亞東工業氣體股份有限公司,22522453,54.15,"56,451.80","56,505.95",15.85%,"356,607.21","356,607.21",100.00%,台中市,"209,758.83",58.82%,未分類其他化學製品製造業,石化業
112,L91A0867,台灣中油股份有限公司天然氣事業部台中液化天然氣廠,台灣中油股份有限公司,	03707901,"2,060.76","64,159.93","66,220.69",1.01%,"6,542,927.09","6,542,927.09",100.00%,台中市,"66,220.69",1.01%,石油及煤製品製造業,石化業
112,B2313780,友達光電股份有限公司台中廠,友達光電股份有限公司,84149738,"19,097.41","847,846.82","866,944.23",43.96%,"1,971,912.89","1,971,912.89",100.00%,台中市,"1,218,138.16",61.77%,光電材料及元件製造業,光電業
112,L92A0931,友達光電股份有限公司后里廠,友達光電股份有限公司,84149738,"6,793.18","344,400.75","351,193.93",17.81%,"1,971,912.89","1,971,912.89",100.00%,台中市,"1,218,138.16",61.77%,光電材料及元件製造業,光電業
112,B9503488,晶元光電股份有限公司H1廠,晶元光電股份有限公司,84149786,"2,982.69","21,190.23","24,172.91",31.24%,"77,385.86","77,385.86",100.00%,台中市,"24,172.91",31.24%,光電材料及元件製造業,光電業
112,B9200124,友達晶材股份有限公司后里廠,友達晶材股份有限公司,24410807,116.57,"37,030.47","37,147.04",100.00%,"37,147.04","37,147.04",100.00%,台中市,"37,147.04",100.00%,光電材料及元件製造業,光電業
112,B24B8988,大立光電股份有限公司七廠,大立光電股份有限公司,22480876,489.46,"70,346.66","70,836.12",43.12%,"164,275.32","164,275.32",100.00%,台中市,"164,275.32",100.00%,光學儀器及設備製造業,光電業
112,B24B8998,大立光電股份有限公司七之一廠,大立光電股份有限公司,22480876,685.66,"52,277.53","52,963.19",32.24%,"164,275.32","164,275.32",100.00%,台中市,"164,275.32",100.00%,光學儀器及設備製造業,光電業
112,B24A7498,大立光電股份有限公司精密機械園區廠,大立光電股份有限公司,22480876,497.25,"39,978.76","40,476.01",24.64%,"164,275.32","164,275.32",100.00%,台中市,"164,275.32",100.00%,光學儀器及設備製造業,光電業
112,L8801141,巨大機械工業股份有限公司日南廠,巨大機械工業股份有限公司,56054251,"5,970.10","13,941.08","19,911.17",100.00%,"19,911.17","19,911.17",100.00%,台中市,"19,911.17",100.00%,自行車及其零件製造業,自行車業
112,B2313762,宏全國際股份有限公司台中二廠,宏全國際股份有限公司,58176511,711.52,"35,246.20","35,957.71",100.00%,"35,957.71","35,957.71",100.00%,台中市,"35,957.71",100.00%,其他金屬製品製造業,鋼鐵業
112,B2311535,台灣康寧顯示玻璃股份有限公司,台灣康寧顯示玻璃股份有限公司,	04388145,"37,778.34","309,048.54","346,826.89",82.92%,"418,258.35","418,258.35",100.00%,台中市,"346,826.89",82.92%,其他非金屬礦物製品製造業,非金屬製品加工業
112,L02A0301,中聯資源股份有限公司台中廠,中聯資源股份有限公司,86119908,"33,097.63","24,737.98","57,835.61",44.66%,"129,511.28","129,511.28",100.00%,台中市,"57,835.61",44.66%,其他非金屬礦物製品製造業,非金屬製品加工業
112,L9000666,味丹企業股份有限公司沙鹿第一工廠,味丹企業股份有限公司,56121907,"35,504.87","12,140.13","47,645.00",100.00%,"47,645.00","47,645.00",100.00%,台中市,"47,645.00",100.00%,其他食品製造業,食品業
112,L8900676,永豐餘消費品實業股份有限公司清水廠,永豐餘消費品實業股份有限公司,22327037,"35,845.76","27,731.66","63,577.42",58.03%,"109,560.84","109,560.84",100.00%,台中市,"63,577.42",58.03%,其他紙製品製造業,造紙業
112,L91A3247,台灣肥料股份有限公司台中廠,台灣肥料股份有限公司,	03795101,"372,488.83","41,432.07","413,920.90",100.00%,"413,920.90","413,920.90",100.00%,台中市,"413,920.90",100.00%,肥料及氮化合物製造業,石化業
112,B9100709,華新麗華股份有限公司台中不�袗�廠,華新麗華股份有限公司,35412204,"41,455.13","39,201.62","80,656.76",27.46%,"293,729.54","293,729.54",100.00%,台中市,"80,656.76",27.46%,金屬加工處理業,鋼鐵業
112,L9100198,台灣玻璃工業股份有限公司台中廠,台灣玻璃工業股份有限公司,11914002,"80,236.35","18,958.34","99,194.68",16.56%,"598,879.83","598,879.83",100.00%,台中市,"123,552.98",20.63%,玻璃及其製品製造業,非金屬製品加工業
112,L9100563,台灣玻璃工業股份有限公司台中廠平板三場,台灣玻璃工業股份有限公司,11914002,"13,454.33","10,903.96","24,358.29",4.07%,"598,879.83","598,879.83",100.00%,台中市,"123,552.98",20.63%,玻璃及其製品製造業,非金屬製品加工業
112,L9200693,正隆股份有限公司后里分公司,正隆股份有限公司,33085508,"803,581.87","36,273.43","839,855.31",62.76%,"1,338,222.45","1,338,222.45",100.00%,台中市,"839,855.31",62.76%,紙漿、紙及紙板製造業,造紙業
112,L8801052,廣源造紙股份有限公司台中廠,廣源造紙股份有限公司,50301500,"68,702.42","35,129.33","103,831.75",100.00%,"103,831.75","103,831.75",100.00%,台中市,"103,831.75",100.00%,紙漿、紙及紙板製造業,造紙業
112,L8901039,中聯油脂股份有限公司台中港廠,中聯油脂股份有限公司,89480404,"30,735.24","15,541.88","46,277.12",100.00%,"46,277.12","46,277.12",100.00%,台中市,"46,277.12",100.00%,動植物油脂製造業,食品業
112,L0200633,中龍鋼鐵股份有限公司,中龍鋼鐵股份有限公司,84613756,"9,054,468.02","161,898.04","9,216,366.06",100.00%,"9,216,366.06","9,216,366.06",100.00%,台中市,"9,216,366.06",100.00%,鋼鐵製造業,鋼鐵業
112,L9200728,豐興鋼鐵股份有限公司,豐興鋼鐵股份有限公司,55389357,"197,345.96","499,394.27","696,740.22",100.00%,"696,740.22","696,740.22",100.00%,台中市,"696,740.22",100.00%,鋼鐵製造業,鋼鐵業
112,V7500777,中華紙漿股份有限公司台東廠,中華紙漿股份有限公司,94025264,"106,307.67","47,151.95","153,459.62",21.09%,"727,555.62","727,555.62",100.00%,台東縣,"153,459.62",21.09%,紙漿、紙及紙板製造業,造紙業
112,R1001791,台南紡織股份有限公司太子廠,台南紡織股份有限公司,68919301,"23,813.18","53,816.76","77,629.94",62.61%,"123,999.30","77,629.94",62.61%,台南市,"123,999.30",100.00%,人造纖維製造業,石化業
112,D0403385,三福氣體股份有限公司南科分公司南科8廠,三福氣體股份有限公司,11072509,402.38,"217,718.84","218,121.23",39.31%,"554,927.66","554,927.66",100.00%,台南市,"286,098.87",51.56%,化學原材料製造業,石化業
112,R9001631,三福氣體股份有限公司南科廠,三福氣體股份有限公司,11072509,355.62,"67,622.02","67,977.65",12.25%,"554,927.66","554,927.66",100.00%,台南市,"286,098.87",51.56%,化學原材料製造業,石化業
112,D0306069,聯亞科技股份有限公司樹谷工廠,聯亞科技股份有限公司,22099456,63.44,"167,277.09","167,340.54",30.22%,"553,705.98","553,705.98",100.00%,台南市,"167,340.54",30.22%,化學原材料製造業,石化業
112,D32A9989,亞東工業氣體股份有限公司台南廠,亞東工業氣體股份有限公司,22522453,"7,560.85","23,336.96","30,897.80",8.66%,"356,607.21","356,607.21",100.00%,台南市,"30,897.80",8.66%,化學原材料製造業,石化業
112,R8400416,台灣紙業股份有限公司新營紙廠,台灣紙業股份有限公司,11912102,"6,915.25","20,101.53","27,016.77",100.00%,"27,016.77","27,016.77",100.00%,台南市,"27,016.77",100.00%,化學原材料製造業,石化業
112,R9001677,台灣積體電路製造股份有限公司十四廠,台灣積體電路製造股份有限公司,22099131,"173,807.29","736,957.10","910,764.39",7.98%,"11,418,277.62","11,418,277.62",100.00%,台南市,"5,854,438.07",51.27%,半導體製造業,半導體業
112,D9000746,台灣積體電路製造股份有限公司十四B廠,台灣積體電路製造股份有限公司,22099131,"82,437.62","660,548.79","742,986.40",6.51%,"11,418,277.62","11,418,277.62",100.00%,台南市,"5,854,438.07",51.27%,半導體製造業,半導體業
112,D0402208,台灣積體電路製造股份有限公司十八廠一期,台灣積體電路製造股份有限公司,22099131,"30,057.36","512,594.36","542,651.71",4.75%,"11,418,277.62","11,418,277.62",100.00%,台南市,"5,854,438.07",51.27%,半導體製造業,半導體業
112,D0402431,台灣積體電路製造股份有限公司十八廠二期,台灣積體電路製造股份有限公司,22099131,"35,823.40","482,349.50","518,172.90",4.54%,"11,418,277.62","11,418,277.62",100.00%,台南市,"5,854,438.07",51.27%,半導體製造業,半導體業
112,D0402904,台灣積體電路製造股份有限公司18廠三期,台灣積體電路製造股份有限公司,22099131,"32,785.37","464,360.00","497,145.37",4.35%,"11,418,277.62","11,418,277.62",100.00%,台南市,"5,854,438.07",51.27%,半導體製造業,半導體業
112,D0402824,台灣積體電路製造股份有限公司十八廠五期,台灣積體電路製造股份有限公司,22099131,"32,984.38","377,420.44","410,404.82",3.59%,"11,418,277.62","11,418,277.62",100.00%,台南市,"5,854,438.07",51.27%,半導體製造業,半導體業
112,D0402815,台灣積體電路製造股份有限公司十八廠六期,台灣積體電路製造股份有限公司,22099131,"27,119.45","370,749.85","397,869.30",3.48%,"11,418,277.62","11,418,277.62",100.00%,台南市,"5,854,438.07",51.27%,半導體製造業,半導體業
112,D0402833,台灣積體電路製造股份有限公司十八廠四期,台灣積體電路製造股份有限公司,22099131,"31,163.09","353,237.08","384,400.17",3.37%,"11,418,277.62","11,418,277.62",100.00%,台南市,"5,854,438.07",51.27%,半導體製造業,半導體業
112,D9001396,台灣積體電路製造股份有限公司十四廠七期,台灣積體電路製造股份有限公司,22099131,"39,309.82","344,099.06","383,408.88",3.36%,"11,418,277.62","11,418,277.62",100.00%,台南市,"5,854,438.07",51.27%,半導體製造業,半導體業
112,D0403492,台灣積體電路製造股份有限公司十八廠七期,台灣積體電路製造股份有限公司,22099131,"16,193.65","264,739.74","280,933.39",2.46%,"11,418,277.62","11,418,277.62",100.00%,台南市,"5,854,438.07",51.27%,半導體製造業,半導體業
112,D9008466,台灣積體電路製造股份有限公司十八廠八期,台灣積體電路製造股份有限公司,22099131,"16,420.54","246,579.82","263,000.36",2.30%,"11,418,277.62","11,418,277.62",100.00%,台南市,"5,854,438.07",51.27%,半導體製造業,半導體業
112,R9004230,台灣積體電路製造股份有限公司六廠,台灣積體電路製造股份有限公司,22099131,"70,242.32","178,302.82","248,545.14",2.18%,"11,418,277.62","11,418,277.62",100.00%,台南市,"5,854,438.07",51.27%,半導體製造業,半導體業
112,D9007601,台灣積體電路製造股份有限公司十四廠八期,台灣積體電路製造股份有限公司,22099131,"7,377.91","127,447.39","134,825.30",1.18%,"11,418,277.62","11,418,277.62",100.00%,台南市,"5,854,438.07",51.27%,半導體製造業,半導體業
112,R90A1360,台灣積體電路製造股份有限公司先進封測二廠,台灣積體電路製造股份有限公司,22099131,"17,207.73","92,855.74","110,063.47",0.96%,"11,418,277.62","11,418,277.62",100.00%,台南市,"5,854,438.07",51.27%,半導體製造業,半導體業
112,D9006435,台灣積體電路製造股份有限公司先進封測二廠二期,台灣積體電路製造股份有限公司,22099131,919.07,"28,347.39","29,266.46",0.26%,"11,418,277.62","11,418,277.62",100.00%,台南市,"5,854,438.07",51.27%,半導體製造業,半導體業
112,R0304131,聯華電子股份有限公司Fab12A廠,聯華電子股份有限公司,47217677,"47,738.46","401,583.01","449,321.47",31.42%,"1,430,026.92","1,430,026.92",100.00%,台南市,"794,300.87",55.54%,半導體製造業,半導體業
112,D0302141,聯華電子股份有限公司Fab12A廠第二廠區,聯華電子股份有限公司,47217677,"15,311.65","329,667.75","344,979.40",24.12%,"1,430,026.92","1,430,026.92",100.00%,台南市,"794,300.87",55.54%,半導體製造業,半導體業
112,R0301514,南茂科技股份有限公司台南廠,南茂科技股份有限公司,16130042,886.76,"71,605.67","72,492.42",32.22%,"224,959.77","224,959.77",100.00%,台南市,"110,759.99",49.24%,半導體製造業,半導體業
112,D0300727,南茂科技股份有限公司台南二廠,南茂科技股份有限公司,16130042,349.71,"37,917.86","38,267.57",17.01%,"224,959.77","224,959.77",100.00%,台南市,"110,759.99",49.24%,半導體製造業,半導體業
112,R0301603,宏捷科技股份有限公司南科大利廠,宏捷科技股份有限公司,16130423,"27,492.14","18,747.10","46,239.24",100.00%,"46,239.24","46,239.24",100.00%,台南市,"46,239.24",100.00%,半導體製造業,半導體業
112,R03A1913,群創光電股份有限公司D廠,群創光電股份有限公司,12800225,"13,676.65","572,230.42","585,907.07",24.28%,"2,412,735.52","2,412,735.52",100.00%,台南市,"1,501,341.56",62.23%,光電材料及元件製造業,光電業
112,R03A1894,群創光電股份有限公司B廠,群創光電股份有限公司,12800225,"49,051.56","410,851.71","459,903.27",19.06%,"2,412,735.52","2,412,735.52",100.00%,台南市,"1,501,341.56",62.23%,光電材料及元件製造業,光電業
112,R03A0450,群創光電股份有限公司樹谷分公司,群創光電股份有限公司,12800225,"12,879.13","387,765.99","400,645.12",16.61%,"2,412,735.52","2,412,735.52",100.00%,台南市,"1,501,341.56",62.23%,光電材料及元件製造業,光電業
112,R03A1903,群創光電股份有限公司A廠,群創光電股份有限公司,12800225,"7,467.83","47,418.28","54,886.11",2.27%,"2,412,735.52","2,412,735.52",100.00%,台南市,"1,501,341.56",62.23%,光電材料及元件製造業,光電業
112,D32B4906,友達光電股份有限公司台南廠,友達光電股份有限公司,84149738,217.71,"24,360.93","24,578.64",1.25%,"1,971,912.89","1,971,912.89",100.00%,台南市,"24,578.64",1.25%,光電材料及元件製造業,光電業
112,R0305156,瀚宇彩晶股份有限公司南科TFT-LCD三廠,瀚宇彩晶股份有限公司,16450500,"15,534.45","212,868.17","228,402.62",85.92%,"265,839.99","265,839.99",100.00%,台南市,"265,839.99",100.00%,光電材料及元件製造業,光電業
112,D0301680,瀚宇彩晶股份有限公司南科觸控感應器廠,瀚宇彩晶股份有限公司,16450500,"1,242.11","36,195.27","37,437.38",14.08%,"265,839.99","265,839.99",100.00%,台南市,"265,839.99",100.00%,光電材料及元件製造業,光電業
112,R03A0658,晶元光電股份有限公司南科一廠,晶元光電股份有限公司,84149786,"7,634.49","25,646.31","33,280.80",43.01%,"77,385.86","77,385.86",100.00%,台南市,"53,212.95",68.76%,光電材料及元件製造業,光電業
112,R90A0302,晶元光電股份有限公司南科三廠,晶元光電股份有限公司,84149786,"1,817.62","18,114.52","19,932.14",25.76%,"77,385.86","77,385.86",100.00%,台南市,"53,212.95",68.76%,光電材料及元件製造業,光電業
112,R90A0401,誠美材料科技股份有限公司,誠美材料科技股份有限公司,27790294,"15,468.71","30,914.12","46,382.84",100.00%,"46,382.84","46,382.84",100.00%,台南市,"46,382.84",100.00%,光電材料及元件製造業,光電業
112,D9000120,精金科技股份有限公司,精金科技股份有限公司,70750217,"5,308.68","40,331.65","45,640.33",100.00%,"45,640.33","45,640.33",100.00%,台南市,"45,640.33",100.00%,光電材料及元件製造業,光電業
112,D32A6282,聯合再生能源股份有限公司台南廠,聯合再生能源股份有限公司,27763753,713.39,"24,414.67","25,128.06",62.61%,"40,135.27","40,135.27",100.00%,台南市,"25,128.06",62.61%,光電材料及元件製造業,光電業
112,R0300384,統一企業股份有限公司新市廠,統一企業股份有限公司,73251209,"20,006.92","30,940.64","50,947.57",65.69%,"77,562.29","77,562.29",100.00%,台南市,"50,947.57",65.69%,乳品製造業,食品業
112,R8400372,台灣史谷脫紙業股份有限公司新營廠,台灣史谷脫紙業股份有限公司,11820053,"11,634.67","17,552.81","29,187.48",100.00%,"29,187.48","29,187.48",100.00%,台南市,"29,187.48",100.00%,其他紙製品製造業,造紙業
112,R9001597,能元科技股份有限公司南科廠,能元科技股份有限公司,16441469,"4,855.45","23,830.30","28,685.76",100.00%,"28,685.76","28,685.76",100.00%,台南市,"28,685.76",100.00%,其他電力設備及配備製造業,電池製造業
112,R90A0689,住華科技股份有限公司南科一廠,住華科技股份有限公司,70848177,"12,894.83","30,920.40","43,815.22",100.00%,"43,815.22","43,815.22",100.00%,台南市,"43,815.22",100.00%,其他電子零組件製造業,電子業
112,R1412418,統一實業股份有限公司二廠,統一實業股份有限公司,73252657,"26,049.85","50,288.73","76,338.59",100.00%,"76,338.59","76,338.59",100.00%,台南市,"76,338.59",100.00%,金屬加工處理業,鋼鐵業
112,R0500240,宏遠興業股份有限公司,宏遠興業股份有限公司,22817999,"52,461.53","43,387.87","95,849.40",100.00%,"95,849.40","95,849.40",100.00%,台南市,"95,849.40",100.00%,染整業,紡織業
112,R0300606,得力實業股份有限公司,得力實業股份有限公司,73686632,"36,913.39","26,393.72","63,307.12",100.00%,"63,307.12","63,307.12",100.00%,台南市,"63,307.12",100.00%,染整業,紡織業
112,R9001702,台灣康寧顯示玻璃股份有限公司南科分公司台南廠,台灣康寧顯示玻璃股份有限公司,	04388145,"4,047.69","67,383.77","71,431.46",17.08%,"418,258.35","418,258.35",100.00%,台南市,"71,431.46",17.08%,玻璃及其製品製造業,非金屬製品加工業
112,R0304944,艾杰旭顯示玻璃股份有限公司台南廠,艾杰旭顯示玻璃股份有限公司,70584724,268.36,"27,940.64","28,209.00",7.25%,"389,005.92","389,005.92",100.00%,台南市,"28,209.00",7.25%,玻璃及其製品製造業,非金屬製品加工業
112,D32A0393,安瀚視特股份有限公司台南第二工廠,安瀚視特股份有限公司,70781345,"2,386.08","33,839.40","36,225.47",100.00%,"36,225.47","36,225.47",100.00%,台南市,"36,225.47",100.00%,玻璃及其製品製造業,非金屬製品加工業
112,R1001719,台南紡織股份有限公司仁德廠,台南紡織股份有限公司,68919301,"25,816.48","20,552.89","46,369.36",37.39%,"123,999.30","46,369.36",37.39%,台南市,"123,999.30",100.00%,紡紗業,紡織業
112,R9700353,怡華實業股份有限公司,怡華實業股份有限公司,33144175,"7,880.10","25,850.16","33,730.26",100.00%,"33,730.26","33,730.26",100.00%,台南市,"33,730.26",100.00%,紡紗業,紡織業
112,R9701056,大統益股份有限公司,大統益股份有限公司,20927014,"12,072.14","88,705.19","100,777.33",100.00%,"100,777.33","100,777.33",100.00%,台南市,"100,777.33",100.00%,動植物油脂製造業,食品業
112,R1002547,豐年豐和企業股份有限公司上崙一廠,豐年豐和企業股份有限公司,16635562,"22,096.66","6,745.27","28,841.94",100.00%,"28,841.94","28,841.94",100.00%,台南市,"28,841.94",100.00%,動植物油脂製造業,食品業
112,R1002065,奇美實業股份有限公司,奇美實業股份有限公司,68387705,"339,458.55","25,330.55","364,789.11",67.20%,"542,811.13","542,811.13",100.00%,台南市,"542,811.13",100.00%,塑膠及合成橡膠原料製造業,石化業
112,R10A3047,奇美實業股份有限公司旭美廠,奇美實業股份有限公司,68387705,"81,224.43","96,797.59","178,022.02",32.80%,"542,811.13","542,811.13",100.00%,台南市,"542,811.13",100.00%,塑膠及合成橡膠原料製造業,石化業
112,D32A8713,可成科技股份有限公司南科工廠,可成科技股份有限公司,69905810,"1,324.20","9,915.57","11,239.77",100.00%,"11,239.77","11,239.77",100.00%,台南市,"11,239.77",100.00%,鋁製造業,鋁製造業
112,R8500582,華新麗華股份有限公司鹽水廠,華新麗華股份有限公司,35412204,"82,120.05","130,952.73","213,072.78",72.54%,"293,729.54","293,729.54",100.00%,台南市,"213,072.78",72.54%,鋼鐵製造業,鋼鐵業
112,R9701341,威致鋼鐵工業股份有限公司官田廠,威致鋼鐵工業股份有限公司,69771636,"86,682.61","162,234.34","248,916.95",100.00%,"248,916.95","248,916.95",100.00%,台南市,"248,916.95",100.00%,鋼鐵製造業,鋼鐵業
112,R8400827,榮剛材料科技股份有限公司新營廠,榮剛材料科技股份有限公司,84252697,"62,850.05","76,992.73","139,842.79",72.82%,"192,033.58","192,033.58",100.00%,台南市,"192,033.58",100.00%,鋼鐵製造業,鋼鐵業
112,R92A0659,榮剛材料科技股份有限公司柳營廠,榮剛材料科技股份有限公司,84252697,"33,194.60","18,996.20","52,190.80",27.18%,"192,033.58","192,033.58",100.00%,台南市,"192,033.58",100.00%,鋼鐵製造業,鋼鐵業
112,R14A1883,易昇鋼鐵股份有限公司,易昇鋼鐵股份有限公司,28098406,"52,436.10","103,211.22","155,647.32",85.78%,"181,447.44","181,447.44",100.00%,台南市,"181,447.44",100.00%,鋼鐵製造業,鋼鐵業
112,D9703411,易昇鋼鐵股份有限公司官田廠,易昇鋼鐵股份有限公司,28098406,"12,926.83","12,873.28","25,800.11",14.22%,"181,447.44","181,447.44",100.00%,台南市,"181,447.44",100.00%,鋼鐵製造業,鋼鐵業
112,R9100522,東盟開發實業股份有限公司學甲廠,東盟開發實業股份有限公司,88121697,"23,467.83","32,007.64","55,475.48",100.00%,"55,475.48","55,475.48",100.00%,台南市,"55,475.48",100.00%,鋼鐵製造業,鋼鐵業
112,G37A3618,金元福包裝企業股份有限公司冬山廠,金元福包裝企業股份有限公司,34227006,544.77,"24,350.21","24,894.98",100.00%,"24,894.98","24,894.98",100.00%,宜蘭市,"24,894.98",100.00%,塑膠製品製造業,石化業
112,G3700791,台灣化學纖維股份有限公司龍德廠,台灣化學纖維股份有限公司,58650902,"1,408,051.57",,"1,408,051.57",17.55%,"8,022,912.66","8,002,500.26",99.75%,宜蘭縣,"1,408,051.57",17.55%,化學原材料製造業,石化業
112,G3200527,東南實業股份有限公司蘇澳總廠,東南實業股份有限公司,11384405,"46,904.10","7,255.46","54,159.56",100.00%,"54,159.56","54,159.56",100.00%,宜蘭縣,"54,159.56",100.00%,化學原材料製造業,石化業
112,G3200778,台灣水泥股份有限公司蘇澳廠,台灣水泥股份有限公司,11913502,"1,120,095.87","63,245.17","1,183,341.03",32.48%,"3,643,800.26","3,643,800.26",100.00%,宜蘭縣,"1,183,341.03",32.48%,水泥及其製品製造業,水泥業
112,G37A0585,潤泰精密材料股份有限公司宜蘭冬山廠,潤泰精密材料股份有限公司,86871981,"626,513.58","47,822.36","674,335.94",100.00%,"674,335.94","674,335.94",100.00%,宜蘭縣,"674,335.94",100.00%,水泥及其製品製造業,水泥業
112,G4100017,幸福水泥股份有限公司東澳廠,幸福水泥股份有限公司,40601248,"569,060.22","37,569.29","606,629.51",100.00%,"606,629.51","606,629.51",100.00%,宜蘭縣,"606,629.51",100.00%,水泥及其製品製造業,水泥業
112,G3200849,信大水泥股份有限公司南聖湖廠,信大水泥股份有限公司,	03279507,"551,764.81","40,857.11","592,621.92",100.00%,"592,621.92","592,621.92",100.00%,宜蘭縣,"592,621.92",100.00%,水泥及其製品製造業,水泥業
112,G38A0540,台灣半導體股份有限公司利澤廠,台灣半導體股份有限公司,34286449,"4,699.68","10,103.88","14,803.56",100.00%,"14,803.56","14,803.56",100.00%,宜蘭縣,"14,803.56",100.00%,半導體製造業,半導體業
112,G32A0609,燿華電子股份有限公司宜蘭廠,燿華電子股份有限公司,	05637971,"2,303.11","42,820.86","45,123.98",51.58%,"87,482.71","87,482.71",100.00%,宜蘭縣,"45,123.98",51.58%,印刷電路板製造業,電子業
112,G3700880,台灣塑膠工業股份有限公司冬山廠,台灣塑膠工業股份有限公司,75708007,"115,857.65","11,395.99","127,253.63",1.57%,"8,130,027.41","8,130,027.41",100.00%,宜蘭縣,"127,253.63",1.57%,其他非金屬礦物製品製造業,石化業
112,G3700979,台灣湯淺電池股份有限公司,台灣湯淺電池股份有限公司,35878589,"1,763.38","21,948.06","23,711.45",100.00%,"23,711.45","23,711.45",100.00%,宜蘭縣,"23,711.45",100.00%,電池製造業,電池製造業
112,G32A0540,羅東鋼鐵廠股份有限公司煉鋼廠,羅東鋼鐵廠股份有限公司,42010509,"38,794.88","105,144.97","143,939.85",100.00%,"143,939.85","143,939.85",100.00%,宜蘭縣,"143,939.85",100.00%,鋼鐵製造業,鋼鐵業
112,U0100187,台灣水泥股份有限公司和平分公司和平廠,台灣水泥股份有限公司,11913502,"2,337,377.75","123,081.48","2,460,459.23",67.52%,"3,643,800.26","3,643,800.26",100.00%,花蓮縣,"2,460,459.23",67.52%,水泥及其製品製造業,水泥業
112,U9400115,亞洲水泥股份有限公司花蓮製造廠,亞洲水泥股份有限公司,	03244509,"2,634,141.98","148,714.13","2,782,856.11",100.00%,"2,782,856.11","2,782,856.11",100.00%,花蓮縣,"2,782,856.11",100.00%,水泥及其製品製造業,水泥業
112,U9500478,中華紙漿股份有限公司花蓮廠,中華紙漿股份有限公司,94025264,"61,220.74","104,154.96","165,375.70",22.73%,"727,555.62","727,555.62",100.00%,花蓮縣,"165,375.70",22.73%,紙漿、紙及紙板製造業,造紙業
112,M3302762,台灣卜蜂企業股份有限公司南投肉品加工廠,台灣卜蜂企業股份有限公司,36514783,"16,655.32","20,768.55","37,423.87",100.00%,"37,423.87","37,423.87",100.00%,南投縣,"37,423.87",100.00%,肉類加工及保藏業,食品業
112,M3302600,台灣銅箔股份有限公司,台灣銅箔股份有限公司,61932639,"11,796.82","84,040.47","95,837.29",100.00%,"95,837.29","95,837.29",100.00%,南投縣,"95,837.29",100.00%,銅製造業,銅製造業
112,T4203686,燁輝企業股份有限公司屏東廠,燁輝企業股份有限公司,75947936,"14,357.51","12,073.56","26,431.07",18.18%,"145,362.35","145,362.35",100.00%,屏東縣,"26,431.07",18.18%,金屬加工處理業,鋼鐵業
112,K6801123,長春石油化學股份有限公司苗栗二廠,長春石油化學股份有限公司,11384806,"68,830.29","586,420.75","655,251.04",26.47%,"2,475,901.51","2,475,901.51",100.00%,苗栗縣,"1,377,247.59",55.63%,化學原材料製造業,石化業
112,K7201001,中國石油化學工業開發股份有限公司頭份廠,中國石油化學工業開發股份有限公司,	03084741,"16,383.22","16,515.41","32,898.63",3.90%,"843,460.77","816,471.10",96.80%,苗栗縣,"32,898.63",3.90%,化學原材料製造業,石化業
112,K7200933,華夏海灣塑膠股份有限公司頭份總廠,華夏海灣塑膠股份有限公司,11686106,"29,583.74","75,042.86","104,626.60",100.00%,"104,626.60","104,626.60",100.00%,苗栗縣,"104,626.60",100.00%,化學原材料製造業,石化業
112,k8000366,立安東化工股份有限公司三義廠,立安東化工股份有限公司,20939460,"47,834.05","12,239.56","60,073.61",100.00%,"60,073.61","60,073.61",100.00%,苗栗縣,"60,073.61",100.00%,化學原材料製造業,石化業
112,K71B0795,台灣積體電路製造股份有限公司先進封測六廠,台灣積體電路製造股份有限公司,22099131,"6,044.88","111,622.28","117,667.16",1.03%,"11,418,277.62","11,418,277.62",100.00%,苗栗縣,"117,667.16",1.03%,半導體製造業,半導體業
112,K71A8772,力晶積成電子製造股份有限公司8B,力晶積成電子製造股份有限公司,28112667,"3,257.55","37,687.58","40,945.13",7.02%,"582,943.65","582,943.65",100.00%,苗栗縣,"40,945.13",7.02%,半導體製造業,半導體業
112,K7195124,京元電子股份有限公司竹南分公司中華廠,京元電子股份有限公司,22507241,"3,983.24","206,898.73","210,881.97",75.28%,"280,120.09","280,120.09",100.00%,苗栗縣,"280,120.09",100.00%,半導體製造業,半導體業
112,K77A0619,京元電子股份有限公司銅鑼分公司廠,京元電子股份有限公司,22507241,492.88,"68,745.24","69,238.12",24.72%,"280,120.09","280,120.09",100.00%,苗栗縣,"280,120.09",100.00%,半導體製造業,半導體業
112,K7103046,超豐電子股份有限公司公義廠,超豐電子股份有限公司,	05126366,776.40,"72,423.79","73,200.19",72.47%,"101,002.75","101,002.75",100.00%,苗栗縣,"101,002.75",100.00%,半導體製造業,半導體業
112,K72A4864,超豐電子股份有限公司頭份廠,超豐電子股份有限公司,	05126366,732.40,"27,070.16","27,802.57",27.53%,"101,002.75","101,002.75",100.00%,苗栗縣,"101,002.75",100.00%,半導體製造業,半導體業
112,K6801089,長春石油化學股份有限公司 苗栗廠,長春石油化學股份有限公司,11384806,"651,306.86","70,689.69","721,996.56",29.16%,"2,475,901.51","2,475,901.51",100.00%,苗栗縣,"1,377,247.59",55.63%,未分類其他化學製品製造業,石化業
112,K71A1370,群創光電股份有限公司T2廠,群創光電股份有限公司,12800225,"5,778.88","224,782.89","230,561.77",9.56%,"2,412,735.52","2,412,735.52",100.00%,苗栗縣,"423,832.41",17.57%,光電材料及元件製造業,光電業
112,K7104025,群創光電股份有限公司T1廠,群創光電股份有限公司,12800225,"3,180.31","113,744.40","116,924.71",4.85%,"2,412,735.52","2,412,735.52",100.00%,苗栗縣,"423,832.41",17.57%,光電材料及元件製造業,光電業
112,K71A2695,群創光電股份有限公司T3廠,群創光電股份有限公司,12800225,"3,132.91","73,213.02","76,345.93",3.16%,"2,412,735.52","2,412,735.52",100.00%,苗栗縣,"423,832.41",17.57%,光電材料及元件製造業,光電業
112,K71A9522,聯合再生能源股份有限公司竹南廠,聯合再生能源股份有限公司,27763753,331.06,"14,676.15","15,007.21",37.39%,"40,135.27","40,135.27",100.00%,苗栗縣,"15,007.21",37.39%,光電材料及元件製造業,光電業
112,K71A1805,達輝光電股份有限公司,達輝光電股份有限公司,28230046,"14,522.21","22,535.49","37,057.70",100.00%,"37,057.70","37,057.70",100.00%,苗栗縣,"37,057.70",100.00%,光電材料及元件製造業,光電業
112,K7000504,台鹽實業股份有限公司通霄精鹽廠,台鹽實業股份有限公司,89397503,"24,583.77",891.67,"25,475.44",100.00%,"25,475.44","25,475.44",100.00%,苗栗縣,"25,475.44",100.00%,其他食品製造業,食品業
112,K71A7992,環球晶圓股份有限公司竹南廠,環球晶圓股份有限公司,28113286,170.50,"20,983.96","21,154.46",14.57%,"145,193.38","21,154.46",14.57%,苗栗縣,"21,154.46",14.57%,其他電子零組件製造業,電子業
112,K77A0481,達邁科技股份有限公司銅鑼廠,達邁科技股份有限公司,70776899,"12,538.27","19,928.36","32,466.63",100.00%,"32,466.63","32,466.63",100.00%,苗栗縣,"32,466.63",100.00%,其他電子零組件製造業,電子業
112,K8201149,冠軍建材股份有限公司第二廠,冠軍建材股份有限公司,49701774,"61,784.65","26,632.19","88,416.84",100.00%,"88,416.84","88,416.84",100.00%,苗栗縣,"88,416.84",100.00%,耐火、黏土建材及其他陶瓷製品製造業,非金屬製品加工業
112,K72A2838,紡安股份有限公司頭份工廠,紡安股份有限公司,25131486,"8,649.62","24,731.62","33,381.23",100.00%,"33,381.23","33,381.23",100.00%,苗栗縣,"33,381.23",100.00%,紡紗業,紡織業
112,K7300447,年興紡織股份有限公司,年興紡織股份有限公司,22266307,"5,023.71","15,232.64","20,256.36",100.00%,"20,256.36","20,256.36",100.00%,苗栗縣,"20,256.36",100.00%,紡織品製造業,紡織業
112,K8100129,東和鋼鐵企業股份有限公司苗栗廠,東和鋼鐵企業股份有限公司,75280209,"91,119.92","220,872.80","311,992.72",37.95%,"822,114.05","822,114.05",100.00%,苗栗縣,"311,992.72",37.95%,鋼鐵製造業,鋼鐵業
112,K7000513,建順煉鋼股份有限公司,建順煉鋼股份有限公司,55695790,"42,299.93","87,285.45","129,585.38",100.00%,"129,585.38","129,585.38",100.00%,苗栗縣,"129,585.38",100.00%,鋼鐵製造業,鋼鐵業
112,H5300210,遠東新世紀股份有限公司觀音化學纖維廠,遠東新世紀股份有限公司,	03522600,"85,397.13","81,647.04","167,044.17",29.33%,"569,531.79","552,113.34",96.94%,桃園市,"167,044.17",29.33%,人造纖維製造業,石化業
112,H4801709,宏洲纖維工業股份有限公司桃園工廠,宏洲纖維工業股份有限公司,	07220710,"9,046.85","17,539.90","26,586.75",100.00%,"26,586.75","26,586.75",100.00%,桃園市,"26,586.75",100.00%,人造纖維製造業,石化業
112,H5302143,遠東先進纖維股份有限公司,遠東先進纖維股份有限公司,89392269,"4,279.82","17,249.69","21,529.51",100.00%,"21,529.51","21,529.51",100.00%,桃園市,"21,529.51",100.00%,人造纖維製造業,石化業
112,H4701071,科德寶遠東股份有限公司,科德寶遠東股份有限公司,22663158,"3,473.73","30,592.83","34,066.55",100.00%,"34,066.55","34,066.55",100.00%,桃園市,"34,066.55",100.00%,不織布業,紡織業
112,H53B7163,三福氣體股份有限公司 觀音三廠,三福氣體股份有限公司,11072509,10.16,"112,385.40","112,395.55",20.25%,"554,927.66","554,927.66",100.00%,桃園市,"200,339.89",36.10%,化學原材料製造業,石化業
112,H5387833,三福氣體股份有限公司觀音二廠,三福氣體股份有限公司,11072509,503.27,"87,441.06","87,944.33",15.85%,"554,927.66","554,927.66",100.00%,桃園市,"200,339.89",36.10%,化學原材料製造業,石化業
112,H4601227,義芳化學工業股份有限公司桃園廠,義芳化學工業股份有限公司,15395706,"361,544.78","43,349.56","404,894.34",100.00%,"404,894.34","404,894.34",100.00%,桃園市,"404,894.34",100.00%,化學原材料製造業,石化業
112,H48B1750,亞東工業氣體股份有限公司華亞氣體廠,亞東工業氣體股份有限公司,22522453,8.95,"27,174.74","27,183.69",7.62%,"356,607.21","356,607.21",100.00%,桃園市,"27,183.69",7.62%,化學原材料製造業,石化業
112,H53A3580,亞東石化股份有限公司觀音二廠,亞東石化股份有限公司,22318678,"222,833.30","73,229.90","296,063.21",87.50%,"338,342.85","338,342.85",100.00%,桃園市,"338,342.85",100.00%,化學原材料製造業,石化業
112,H5300078,亞東石化股份有限公司,亞東石化股份有限公司,22318678,"23,271.64","19,008.00","42,279.64",12.50%,"338,342.85","338,342.85",100.00%,桃園市,"338,342.85",100.00%,化學原材料製造業,石化業
112,H4603972,三義化學工業股份有限公司桃園海湖廠,三義化學工業股份有限公司,23827741,"7,409.27","73,274.51","80,683.78",100.00%,"80,683.78","80,683.78",100.00%,桃園市,"80,683.78",100.00%,化學原材料製造業,石化業
112,H4701017,國聯矽業化學股份有限公司,國聯矽業化學股份有限公司,36550632,"19,150.88","12,982.62","32,133.49",100.00%,"32,133.49","32,133.49",100.00%,桃園市,"32,133.49",100.00%,化學原材料製造業,石化業
112,H4801478,南亞塑膠工業股份有限公司工三廠,南亞塑膠工業股份有限公司,75370905,"118,898.49","236,198.26","355,096.75",9.46%,"3,752,539.36","2,988,528.75",79.64%,桃園市,"1,119,107.37",29.82%,人造纖維製造業,石化業
112,H4601398,南亞塑膠工業股份有限公司錦興廠,南亞塑膠工業股份有限公司,75370905,"743,622.39","20,388.23","764,010.62",20.36%,"3,752,539.36","764,010.62",20.36%,桃園市,"1,119,107.37",29.82%,光電材料及元件製造業,光電業
112,H53A7443,晉瑜企業股份有限公司觀音廠,晉瑜企業股份有限公司,89939090,"4,351.73","26,262.23","30,613.96",43.88%,"69,771.89","69,771.89",100.00%,桃園市,"30,613.96",43.88%,水泥及其製品製造業,水泥業
112,H50A6430,台灣積體電路製造股份有限公司先進封測三廠,台灣積體電路製造股份有限公司,22099131,"12,629.99","204,049.66","216,679.65",1.90%,"11,418,277.62","11,418,277.62",100.00%,桃園市,"216,679.65",1.90%,半導體製造業,半導體業
112,H4889454,台灣美光晶圓科技股份有限公司一廠,台灣美光晶圓科技股份有限公司,80353271,"61,468.98","472,421.78","533,890.77",54.41%,"981,257.36","981,257.36",100.00%,桃園市,"981,257.36",100.00%,半導體製造業,半導體業
112,H4888582,台灣美光晶圓科技股份有限公司二廠,台灣美光晶圓科技股份有限公司,80353271,"42,310.60","405,055.99","447,366.60",45.59%,"981,257.36","981,257.36",100.00%,桃園市,"981,257.36",100.00%,半導體製造業,半導體業
112,H46B0495,世界先進積體電路股份有限公司晶圓三廠,世界先進積體電路股份有限公司,84149358,"58,293.42","200,679.68","258,973.10",40.96%,"632,278.14","632,278.14",100.00%,桃園市,"258,973.10",40.96%,半導體製造業,半導體業
112,H43A0700,日月光半導體製造股份有限公司中壢分公司封測五廠,日月光半導體製造股份有限公司,76027628,308.59,"65,962.46","66,271.05",12.19%,"543,558.41","543,558.41",100.00%,桃園市,"240,791.05",44.30%,半導體製造業,半導體業
112,H43C1277,日月光半導體製造股份有限公司中壢分公司封測七廠,日月光半導體製造股份有限公司,76027628,232.19,"63,242.45","63,474.63",11.68%,"543,558.41","543,558.41",100.00%,桃園市,"240,791.05",44.30%,半導體製造業,半導體業
112,H43C1811,日月光半導體製造股份有限公司中壢分公司封測八廠,日月光半導體製造股份有限公司,76027628,206.07,"57,644.58","57,850.65",10.64%,"543,558.41","543,558.41",100.00%,桃園市,"240,791.05",44.30%,半導體製造業,半導體業
112,H43B3840,日月光半導體製造股份有限公司中壢分公司封測六廠,日月光半導體製造股份有限公司,76027628,348.88,"36,936.14","37,285.02",6.86%,"543,558.41","543,558.41",100.00%,桃園市,"240,791.05",44.30%,半導體製造業,半導體業
112,H43A2093,日月光半導體製造股份有限公司中壢分公司封測四廠,日月光半導體製造股份有限公司,76027628,"2,173.16","13,736.55","15,909.71",2.93%,"543,558.41","543,558.41",100.00%,桃園市,"240,791.05",44.30%,半導體製造業,半導體業
112,H4886999,穩懋半導體股份有限公司華亞二廠,穩懋半導體股份有限公司,70752257,"19,855.76","46,265.80","66,121.57",45.64%,"144,868.65","144,868.65",100.00%,桃園市,"144,868.65",100.00%,半導體製造業,半導體業
112,H48B0554,穩懋半導體股份有限公司龜山廠,穩懋半導體股份有限公司,70752257,"6,756.03","44,037.53","50,793.56",35.06%,"144,868.65","144,868.65",100.00%,桃園市,"144,868.65",100.00%,半導體製造業,半導體業
112,H4806348,穩懋半導體股份有限公司華亞廠,穩懋半導體股份有限公司,70752257,"9,649.10","18,304.43","27,953.53",19.30%,"144,868.65","144,868.65",100.00%,桃園市,"144,868.65",100.00%,半導體製造業,半導體業
112,H5001589,艾克爾國際科技股份有限公司龍潭廠,艾克爾國際科技股份有限公司,16631664,"9,097.30","34,570.19","43,667.49",55.83%,"78,213.33","78,213.33",100.00%,桃園市,"43,667.49",55.83%,半導體製造業,半導體業
112,H50A1985,合晶科技股份有限公司龍潭廠,合晶科技股份有限公司,16138282,"1,792.07","41,027.10","42,819.17",67.19%,"63,725.82","42,819.17",67.19%,桃園市,"63,725.82",100.00%,半導體製造業,半導體業
112,H50B4708,采鈺科技股份有限公司龍潭廠,采鈺科技股份有限公司,80601119,681.07,"10,641.95","11,323.01",26.98%,"41,970.21","11,323.01",26.98%,桃園市,"11,323.01",26.98%,半導體製造業,半導體業
112,H4903093,中華凸版電子股份有限公司,中華凸版電子股份有限公司,16083358,"1,733.30","17,287.86","19,021.15",100.00%,"19,021.15","19,021.15",100.00%,桃園市,"19,021.15",100.00%,半導體製造業,半導體業
112,H4601290,台硝股份有限公司桃園廠,台硝股份有限公司,38033305,"47,325.90","16,658.11","63,984.01",100.00%,"63,984.01","63,984.01",100.00%,桃園市,"63,984.01",100.00%,未分類其他化學製品製造業,石化業
112,H4606848,台耀化學股份有限公司蘆竹廠,台耀化學股份有限公司,96922622,"8,307.09","27,042.35","35,349.44",100.00%,"35,349.44","35,349.44",100.00%,桃園市,"35,349.44",100.00%,未分類其他化學製品製造業,石化業
112,H4306058,台灣華可貴股份有限公司中壢第二工廠,台灣華可貴股份有限公司,44883108,"4,979.72","18,902.52","23,882.25",100.00%,"23,882.25","23,882.25",100.00%,桃園市,"23,882.25",100.00%,未分類其他製造業,紡織業
112,H4803507,台灣中油股份有限公司煉製事業部桃園煉油廠,台灣中油股份有限公司,	03707901,"1,415,346.46","174,968.69","1,590,315.14",24.31%,"6,542,927.09","6,542,927.09",100.00%,桃園市,"1,590,315.14",24.31%,石油及煤製品製造業,石化業
112,H5008211,友達光電股份有限公司龍科廠,友達光電股份有限公司,84149738,"7,562.68","232,631.42","240,194.10",12.18%,"1,971,912.89","1,971,912.89",100.00%,桃園市,"658,478.82",33.39%,光電材料及元件製造業,光電業
112,H4888493,友達光電股份有限公司桃園分公司華亞廠,友達光電股份有限公司,84149738,"7,307.54","230,683.71","237,991.24",12.07%,"1,971,912.89","1,971,912.89",100.00%,桃園市,"658,478.82",33.39%,光電材料及元件製造業,光電業
112,H5002362,友達光電股份有限公司桃園分公司,友達光電股份有限公司,84149738,"8,159.33","172,134.14","180,293.47",9.14%,"1,971,912.89","1,971,912.89",100.00%,桃園市,"658,478.82",33.39%,光電材料及元件製造業,光電業
112,H49A2429,凌巨科技股份有限公司八德廠,凌巨科技股份有限公司,16432742,"141,543.88","83,378.99","224,922.87",100.00%,"224,922.87","224,922.87",100.00%,桃園市,"224,922.87",100.00%,光電材料及元件製造業,光電業
112,H50A6777,美商蘋果電子股份有限公司台灣分公司,美商蘋果電子股份有限公司,54393468,"2,830.69","17,305.81","20,136.50",71.20%,"28,279.75","28,279.75",100.00%,桃園市,"28,279.75",100.00%,光電材料及元件製造業,光電業
112,H50B3948,美商蘋果電子股份有限公司台灣分公司龍三廠,美商蘋果電子股份有限公司,54393468,186.69,"7,956.56","8,143.25",28.80%,"28,279.75","28,279.75",100.00%,桃園市,"28,279.75",100.00%,光電材料及元件製造業,光電業
112,H45C0110,欣興電子股份有限公司楊梅廠,欣興電子股份有限公司,23535435,"3,569.36","68,945.80","72,515.16",13.49%,"537,380.48","537,380.48",100.00%,桃園市,"385,702.88",71.77%,印刷電路板製造業,電子業
112,H4887978,欣興電子股份有限公司精密載板事業部三廠,欣興電子股份有限公司,23535435,"2,060.31","66,629.23","68,689.55",12.78%,"537,380.48","537,380.48",100.00%,桃園市,"385,702.88",71.77%,印刷電路板製造業,電子業
112,H48A7682,欣興電子股份有限公司精密載板事業部二廠,欣興電子股份有限公司,23535435,"2,369.30","63,072.77","65,442.08",12.18%,"537,380.48","537,380.48",100.00%,桃園市,"385,702.88",71.77%,印刷電路板製造業,電子業
112,H4806222,欣興電子股份有限公司山鶯一廠,欣興電子股份有限公司,23535435,"1,796.15","44,549.55","46,345.70",8.62%,"537,380.48","537,380.48",100.00%,桃園市,"385,702.88",71.77%,印刷電路板製造業,電子業
112,H4889310,欣興電子股份有限公司精密載板事業部一廠,欣興電子股份有限公司,23535435,"3,385.53","36,333.52","39,719.04",7.39%,"537,380.48","537,380.48",100.00%,桃園市,"385,702.88",71.77%,印刷電路板製造業,電子業
112,H48B6522,欣興電子股份有限公司山鶯二廠,欣興電子股份有限公司,23535435,784.73,"31,618.96","32,403.69",6.03%,"537,380.48","537,380.48",100.00%,桃園市,"385,702.88",71.77%,印刷電路板製造業,電子業
112,H46A1149,欣興電子股份有限公司蘆竹二廠,欣興電子股份有限公司,23535435,914.32,"30,521.30","31,435.62",5.85%,"537,380.48","537,380.48",100.00%,桃園市,"385,702.88",71.77%,印刷電路板製造業,電子業
112,H47A8358,欣興電子股份有限公司大園廠,欣興電子股份有限公司,23535435,"1,022.17","28,129.88","29,152.05",5.42%,"537,380.48","537,380.48",100.00%,桃園市,"385,702.88",71.77%,印刷電路板製造業,電子業
112,H5205514,景碩科技股份有限公司清華一廠,景碩科技股份有限公司,70785139,"4,661.41","85,725.40","90,386.81",38.18%,"236,714.85","236,714.85",100.00%,桃園市,"152,000.76",64.21%,印刷電路板製造業,電子業
112,H45C2819,景碩科技股份有限公司幼獅廠,景碩科技股份有限公司,70785139,"1,252.86","26,031.82","27,284.68",11.53%,"236,714.85","236,714.85",100.00%,桃園市,"152,000.76",64.21%,印刷電路板製造業,電子業
112,H4601272,華通電腦股份有限公司三廠,華通電腦股份有限公司,	04401392,660.21,"57,888.50","58,548.71",40.25%,"145,462.96","145,462.96",100.00%,桃園市,"145,462.96",100.00%,印刷電路板製造業,電子業
112,H4703600,華通電腦股份有限公司大園廠,華通電腦股份有限公司,	04401392,326.84,"43,280.33","43,607.17",29.98%,"145,462.96","145,462.96",100.00%,桃園市,"145,462.96",100.00%,印刷電路板製造業,電子業
112,H4601129,華通電腦股份有限公司一廠,華通電腦股份有限公司,	04401392,"1,901.92","41,405.16","43,307.08",29.77%,"145,462.96","145,462.96",100.00%,桃園市,"145,462.96",100.00%,印刷電路板製造業,電子業
112,H4304929,金像電子股份有限公司中壢廠,金像電子股份有限公司,30955404,"17,955.67","65,303.53","83,259.20",100.00%,"83,259.20","83,259.20",100.00%,桃園市,"83,259.20",100.00%,印刷電路板製造業,電子業
112,H46B0524,敬鵬工業股份有限公司第二之二廠,敬鵬工業股份有限公司,43816068,"1,972.42","32,238.84","34,211.26",58.57%,"58,414.40","58,414.40",100.00%,桃園市,"58,414.40",100.00%,印刷電路板製造業,電子業
112,H4605636,敬鵬工業股份有限公司第二廠,敬鵬工業股份有限公司,43816068,"1,138.97","23,064.17","24,203.14",41.43%,"58,414.40","58,414.40",100.00%,桃園市,"58,414.40",100.00%,印刷電路板製造業,電子業
112,H5301217,先豐通訊股份有限公司觀音廠,先豐通訊股份有限公司,22554807,"15,562.46","42,267.04","57,829.49",100.00%,"57,829.49","57,829.49",100.00%,桃園市,"57,829.49",100.00%,印刷電路板製造業,電子業
112,H53B2103,嘉聯益科技股份有限公司桃科廠,嘉聯益科技股份有限公司,86980046,256.71,"21,089.74","21,346.44",100.00%,"21,346.44","21,346.44",100.00%,桃園市,"21,346.44",100.00%,印刷電路板製造業,電子業
112,H4302318,六和機械股份有限公司,六和機械股份有限公司,44528635,"8,041.60","32,296.26","40,337.86",100.00%,"40,337.86","40,337.86",100.00%,桃園市,"40,337.86",100.00%,汽車零件製造業,汽機車業
112,H4303235,國瑞汽車股份有限公司中壢工廠,國瑞汽車股份有限公司,12488060,"10,099.27","28,600.10","38,699.37",100.00%,"38,699.37","38,699.37",100.00%,桃園市,"38,699.37",100.00%,車體製造業,汽機車業
112,H4501339,統一企業股份有限公司楊梅廠,統一企業股份有限公司,73251209,"12,432.96","14,181.75","26,614.72",34.31%,"77,562.29","77,562.29",100.00%,桃園市,"26,614.72",34.31%,乳品製造業,食品業
112,H4301348,東培工業股份有限公司中壢廠,東培工業股份有限公司,	07220508,"1,541.78","22,779.82","24,321.60",100.00%,"24,321.60","24,321.60",100.00%,桃園市,"24,321.60",100.00%,其他金屬製品製造業,鋼鐵業
112,H4604488,環球水泥股份有限公司海湖石膏板廠,環球水泥股份有限公司,	07568009,"29,385.14","5,460.08","34,845.22",100.00%,"34,845.22","34,845.22",100.00%,桃園市,"34,845.22",100.00%,其他非金屬礦物製品製造業,水泥業
112,H4602199,義美食品股份有限公司南崁廠,義美食品股份有限公司,11768704,"21,637.52","32,223.14","53,860.66",100.00%,"53,860.66","53,860.66",100.00%,桃園市,"53,860.66",100.00%,其他食品製造業,食品業
112,H4602313,環泰企業股份有限公司南崁廠,環泰企業股份有限公司,12529007,"28,149.02","4,620.59","32,769.62",100.00%,"32,769.62","32,769.62",100.00%,桃園市,"32,769.62",100.00%,其他食品製造業,食品業
112,H4302523,金車股份有限公司中壢廠,金車股份有限公司,	05007903,"16,176.87","15,540.37","31,717.24",100.00%,"31,717.24","31,717.24",100.00%,桃園市,"31,717.24",100.00%,其他食品製造業,食品業
112,H5200215,永豐餘工業用紙股份有限公司新屋廠,永豐餘工業用紙股份有限公司,27719048,"592,228.03","22,735.75","614,963.78",100.00%,"614,963.78","614,963.78",100.00%,桃園市,"614,963.78",100.00%,其他紙製品製造業,造紙業
112,H45A1887,永豐餘消費品實業股份有限公司楊梅廠,永豐餘消費品實業股份有限公司,22327037,"27,064.80","18,918.62","45,983.42",41.97%,"109,560.84","109,560.84",100.00%,桃園市,"45,983.42",41.97%,其他紙製品製造業,造紙業
112,H5204133,景碩科技股份有限公司,景碩科技股份有限公司,70785139,563.19,"33,766.09","34,329.27",14.50%,"236,714.85","236,714.85",100.00%,桃園市,"152,000.76",64.21%,其他電子零組件製造業,電子業
112,H43C0794,精材科技股份有限公司中壢三廠,精材科技股份有限公司,16741846,839.35,"64,587.34","65,426.69",55.22%,"118,492.83","118,492.83",100.00%,桃園市,"118,492.83",100.00%,其他電子零組件製造業,電子業
112,H43A2855,精材科技股份有限公司中壢二廠,精材科技股份有限公司,16741846,"21,904.13","13,892.03","35,796.17",30.21%,"118,492.83","118,492.83",100.00%,桃園市,"118,492.83",100.00%,其他電子零組件製造業,電子業
112,H4313348,精材科技股份有限公司中壢廠,精材科技股份有限公司,16741846,"7,281.77","9,988.21","17,269.98",14.57%,"118,492.83","118,492.83",100.00%,桃園市,"118,492.83",100.00%,其他電子零組件製造業,電子業
112,H4503575,合晶科技股份有限公司楊梅廠,合晶科技股份有限公司,16138282,"1,521.50","19,385.15","20,906.65",32.81%,"63,725.82","20,906.65",32.81%,桃園市,"63,725.82",100.00%,其他電子零組件製造業,電子業
112,H51A5615,鉅輝鋼鐵股份有限公司,鉅輝鋼鐵股份有限公司,13079654,"16,575.97","7,884.99","24,460.97",100.00%,"24,460.97","24,460.97",100.00%,桃園市,"24,460.97",100.00%,金屬結構及建築組件製造業,鋼鐵業
112,H4500458,力鵬企業股份有限公司楊梅廠,力鵬企業股份有限公司,33955322,"57,705.18","20,506.07","78,211.24",37.51%,"208,485.03","78,211.24",37.51%,桃園市,"78,211.24",37.51%,染整業,紡織業
112,H4202215,新隆纖維染整股份有限公司桃園廠,新隆纖維染整股份有限公司,	07472834,"35,121.08","6,942.08","42,063.17",100.00%,"42,063.17","42,063.17",100.00%,桃園市,"42,063.17",100.00%,染整業,紡織業
112,H4202813,東隆興業股份有限公司桃園廠,東隆興業股份有限公司,18770509,"5,274.56","8,051.31","13,325.87",36.78%,"36,235.44","36,235.44",100.00%,桃園市,"13,325.87",36.78%,染整業,紡織業
112,H4600579,大同染整股份有限公司桃園廠,大同染整股份有限公司,	07014916,"27,561.05","6,690.74","34,251.79",100.00%,"34,251.79","34,251.79",100.00%,桃園市,"34,251.79",100.00%,染整業,紡織業
112,H47A0889,連大興有限公司,連大興有限公司,80445899,"18,379.71","13,063.02","31,442.73",100.00%,"31,442.73","31,442.73",100.00%,桃園市,"31,442.73",100.00%,染整業,紡織業
112,H53A6138,東齊染整股份有限公司,東齊染整股份有限公司,54796568,"25,003.95","5,650.37","30,654.32",100.00%,"30,654.32","30,654.32",100.00%,桃園市,"30,654.32",100.00%,染整業,紡織業
112,H5300363,銓盟企業股份有限公司,銓盟企業股份有限公司,23313356,"21,060.96","4,459.63","25,520.59",100.00%,"25,520.59","25,520.59",100.00%,桃園市,"25,520.59",100.00%,染整業,紡織業
112,H5302107,東欣實業股份有限公司,東欣實業股份有限公司,89356756,"20,159.22","4,690.77","24,849.99",100.00%,"24,849.99","24,849.99",100.00%,桃園市,"24,849.99",100.00%,染整業,紡織業
112,H42A3066,台群工業股份有限公司,台群工業股份有限公司,25049986,"20,071.28","4,270.33","24,341.61",100.00%,"24,341.61","24,341.61",100.00%,桃園市,"24,341.61",100.00%,染整業,紡織業
112,H4504705,紘楷股份有限公司,紘楷股份有限公司,70738116,"19,398.00","3,917.91","23,315.92",100.00%,"23,315.92","23,315.92",100.00%,桃園市,"23,315.92",100.00%,染整業,紡織業
112,H5301262,和友紡織股份有限公司觀音廠,和友紡織股份有限公司,35192807,"17,275.50","5,438.35","22,713.85",100.00%,"22,713.85","22,713.85",100.00%,桃園市,"22,713.85",100.00%,染整業,紡織業
112,H4301839,大鐘印染股份有限公司中壢廠,大鐘印染股份有限公司,57002416,"13,953.20","5,989.65","19,942.85",100.00%,"19,942.85","19,942.85",100.00%,桃園市,"19,942.85",100.00%,染整業,紡織業
112,H4814797,香榮實業股份有限公司,香榮實業股份有限公司,13035951,"16,715.08","2,715.02","19,430.10",100.00%,"19,430.10","19,430.10",100.00%,桃園市,"19,430.10",100.00%,染整業,紡織業
112,H4204264,翔新企業股份有限公司,翔新企業股份有限公司,84570243,"15,742.23","3,283.62","19,025.85",100.00%,"19,025.85","19,025.85",100.00%,桃園市,"19,025.85",100.00%,染整業,紡織業
112,H4605609,東明纖維工業股份有限公司蘆竹廠,東明纖維工業股份有限公司,	07205416,"15,213.18","3,136.50","18,349.68",100.00%,"18,349.68","18,349.68",100.00%,桃園市,"18,349.68",100.00%,染整業,紡織業
112,H4600551,大統新創股份有限公司染整廠,大統新創股份有限公司,22267777,"9,785.03","4,008.71","13,793.74",100.00%,"13,793.74","13,793.74",100.00%,桃園市,"13,793.74",100.00%,染整業,紡織業
112,H4802662,新瑞倡企業股份有限公司桃園廠,新瑞倡企業股份有限公司,	07620770,"3,378.17","3,305.76","6,683.94",100.00%,"6,683.94","6,683.94",100.00%,桃園市,"6,683.94",100.00%,染整業,紡織業
112,H5300916,台灣玻璃工業股份有限公司桃園廠,台灣玻璃工業股份有限公司,11914002,"34,594.14","47,791.54","82,385.68",13.76%,"598,879.83","598,879.83",100.00%,桃園市,"82,385.68",13.76%,玻璃及其製品製造業,非金屬製品加工業
112,H4500850,白馬窯業股份有限公司楊梅廠,白馬窯業股份有限公司,34258318,"20,788.48","9,011.75","29,800.23",100.00%,"29,800.23","29,800.23",100.00%,桃園市,"29,800.23",100.00%,耐火、黏土建材及其他陶瓷製品製造業,非金屬製品加工業
112,H4700645,正隆股份有限公司大園廠,正隆股份有限公司,33085508,"216,329.49","127,433.08","343,762.57",25.69%,"1,338,222.45","1,338,222.45",100.00%,桃園市,"343,762.57",25.69%,紙漿、紙及紙板製造業,造紙業
112,H5302063,日皓造紙工業股份有限公司觀音廠,日皓造紙工業股份有限公司,24001900,"21,702.22","20,393.58","42,095.80",100.00%,"42,095.80","42,095.80",100.00%,桃園市,"42,095.80",100.00%,紙漿、紙及紙板製造業,造紙業
112,H5300425,錦美紙業股份有限公司觀音廠,錦美紙業股份有限公司,34175598,"22,675.42","11,080.62","33,756.03",100.00%,"33,756.03","33,756.03",100.00%,桃園市,"33,756.03",100.00%,紙漿、紙及紙板製造業,造紙業
112,H5100952,新光合成纖維股份有限公司中壢廠,新光合成纖維股份有限公司,	07435515,"92,771.26","150,351.44","243,122.69",84.66%,"287,173.16","287,173.16",100.00%,桃園市,"287,173.16",100.00%,紡紗業,紡織業
112,H5303524,新光合成纖維股份有限公司觀音廠,新光合成纖維股份有限公司,	07435515,"13,794.75","30,255.72","44,050.47",15.34%,"287,173.16","287,173.16",100.00%,桃園市,"287,173.16",100.00%,紡紗業,紡織業
112,H5304165,集盛實業股份有限公司第三廠,集盛實業股份有限公司,43295237,"8,107.01","41,530.10","49,637.12",44.87%,"110,625.59","110,625.59",100.00%,桃園市,"110,625.59",100.00%,紡紗業,紡織業
112,H5307693,集盛實業股份有限公司觀音廠,集盛實業股份有限公司,43295237,"14,726.82","25,981.95","40,708.77",36.80%,"110,625.59","110,625.59",100.00%,桃園市,"110,625.59",100.00%,紡紗業,紡織業
112,H47A6144,集盛實業股份有限公司大園廠,集盛實業股份有限公司,43295237,759.69,"19,520.00","20,279.69",18.33%,"110,625.59","110,625.59",100.00%,桃園市,"110,625.59",100.00%,紡紗業,紡織業
112,H48A3353,晶碩光學股份有限公司,晶碩光學股份有限公司,25021158,149.82,"39,809.83","39,959.65",100.00%,"39,959.65","39,959.65",100.00%,桃園市,"39,959.65",100.00%,眼鏡製造業,眼鏡製造業
112,H4500743,中興紡織廠股份有限公司楊梅化纖廠,中興紡織廠股份有限公司,35082604,"13,514.34","52,024.13","65,538.47",100.00%,"65,538.47","65,538.47",100.00%,桃園市,"65,538.47",100.00%,塑膠及合成橡膠原料製造業,石化業
112,H4501008,萬洲化學股份有限公司楊梅一廠,萬洲化學股份有限公司,	03244705,"26,950.49","12,803.83","39,754.32",100.00%,"39,754.32","39,754.32",100.00%,桃園市,"39,754.32",100.00%,塑膠及合成橡膠原料製造業,石化業
112,H4406937,新科光電材料股份有限公司桃園廠,新科光電材料股份有限公司,27366467,"9,894.31","50,736.57","60,630.88",100.00%,"60,630.88","60,630.88",100.00%,桃園市,"60,630.88",100.00%,塑膠製品製造業,石化業
112,H4605074,南亞電路板股份有限公司錦興廠,南亞電路板股份有限公司,16096804,"1,611.51","378,822.84","380,434.35",85.90%,"442,870.11","442,870.11",100.00%,桃園市,"380,434.35",85.90%,印刷電路板製造業,電子業
112,H4809607,中環股份有限公司林口三廠,中環股份有限公司,12205020,24.26,"54,670.16","54,694.42",100.00%,"54,694.42","54,694.42",100.00%,桃園市,"54,694.42",100.00%,資料儲存媒體製造業,電子業
112,H4895112,廣達電腦股份有限公司總廠,廣達電腦股份有限公司,22822281,942.99,"26,522.66","27,465.66",100.00%,"27,465.66","27,465.66",100.00%,桃園市,"27,465.66",100.00%,電腦及其週邊設備製造業,電子業
112,H4312305,名佳利金屬工業股份有限公司中壢二廠,名佳利金屬工業股份有限公司,45018531,"3,952.03","18,403.06","22,355.09",55.58%,"40,219.90","40,219.90",100.00%,桃園市,"40,219.90",100.00%,銅製造業,銅製造業
112,H4301008,名佳利金屬工業股份有限公司,名佳利金屬工業股份有限公司,45018531,"2,840.12","15,024.70","17,864.82",44.42%,"40,219.90","40,219.90",100.00%,桃園市,"40,219.90",100.00%,銅製造業,銅製造業
112,H53A0675,東和鋼鐵企業股份有限公司桃園廠,東和鋼鐵企業股份有限公司,75280209,"78,056.08","354,241.83","432,297.91",52.58%,"822,114.05","822,114.05",100.00%,桃園市,"432,297.91",52.58%,鋼鐵製造業,鋼鐵業
112,H5200617,聯成鋼鐵股份有限公司桃園廠,聯成鋼鐵股份有限公司,22822748,"28,884.62","68,394.89","97,279.52",100.00%,"97,279.52","97,279.52",100.00%,桃園市,"97,279.52",100.00%,鋼鐵製造業,鋼鐵業
112,H4502201,建榮工業材料股份有限公司楊梅廠,建榮工業材料股份有限公司,86691377,"8,926.83","17,292.37","26,219.20",100.00%,"26,219.20","26,219.20",100.00%,桃園市,"26,219.20",100.00%,織布業,紡織業
112,S2201109,台灣塑膠工業股份有限公司仁武廠,台灣塑膠工業股份有限公司,75708007,"2,256,559.80","71,351.06","2,327,910.86",28.63%,"8,130,027.41","8,130,027.41",100.00%,高雄市,"3,174,386.44",39.05%,化學原材料製造業,石化業
112,S1900685,台灣塑膠工業股份有限公司林園廠,台灣塑膠工業股份有限公司,75708007,"610,064.16","108,812.37","718,876.53",8.84%,"8,130,027.41","8,130,027.41",100.00%,高雄市,"3,174,386.44",39.05%,化學原材料製造業,石化業
112,S1900701,台灣塑膠工業股份有限公司林園聚丙烯廠,台灣塑膠工業股份有限公司,75708007,260.12,"127,338.93","127,599.05",1.57%,"8,130,027.41","8,130,027.41",100.00%,高雄市,"3,174,386.44",39.05%,化學原材料製造業,石化業
112,S1900710,台灣中油股份有限公司石化事業部,台灣中油股份有限公司,	03707901,"1,725,051.09","80,789.39","1,805,840.48",27.60%,"6,542,927.09","6,542,927.09",100.00%,高雄市,"4,886,391.26",74.68%,化學原材料製造業,石化業
112,S2001314,長春石油化學股份有限公司 大發廠,長春石油化學股份有限公司,11384806,"554,380.99","4,874.85","559,255.83",22.59%,"2,475,901.51","2,475,901.51",100.00%,高雄市,"559,255.83",22.59%,化學原材料製造業,石化業
112,S2005652,大連化學工業股份有限公司大發廠,大連化學工業股份有限公司,12233428,"76,649.34","526,082.76","602,732.10",43.53%,"1,384,650.66","1,384,650.66",100.00%,高雄市,"680,296.75",49.13%,化學原材料製造業,石化業
112,S2300465,大連化學工業股份有限公司高雄廠,大連化學工業股份有限公司,12233428,"34,570.12","42,994.52","77,564.65",5.60%,"1,384,650.66","1,384,650.66",100.00%,高雄市,"680,296.75",49.13%,化學原材料製造業,石化業
112,S2005081,長春人造樹脂廠股份有限公司大發廠,長春人造樹脂廠股份有限公司,11384708,"10,894.71","379,039.37","389,934.09",33.83%,"1,152,774.41","1,152,774.41",100.00%,高雄市,"851,395.78",73.86%,化學原材料製造業,石化業
112,S2015916,長春人造樹脂廠股份有限公司大發二廠,長春人造樹脂廠股份有限公司,11384708,"70,508.06","312,747.42","383,255.48",33.25%,"1,152,774.41","1,152,774.41",100.00%,高雄市,"851,395.78",73.86%,化學原材料製造業,石化業
112,E5600850,中國石油化學工業開發股份有限公司小港廠,中國石油化學工業開發股份有限公司,	03084741,"508,360.50","115,621.81","623,982.31",73.98%,"843,460.77","816,471.10",96.80%,高雄市,"783,572.47",92.90%,化學原材料製造業,石化業
112,S2300410,中國石油化學工業開發股份有限公司大社廠,中國石油化學工業開發股份有限公司,	03084741,"118,403.70","41,186.47","159,590.16",18.92%,"843,460.77","816,471.10",96.80%,高雄市,"783,572.47",92.90%,化學原材料製造業,石化業
112,S2300401,中國人造纖維股份有限公司高雄總廠,中國人造纖維股份有限公司,	07066907,"395,245.41","15,411.77","410,657.17",100.00%,"410,657.17","410,657.17",100.00%,高雄市,"410,657.17",100.00%,化學原材料製造業,石化業
112,E2300675,亞東工業氣體股份有限公司大社廠,亞東工業氣體股份有限公司,22522453,7.08,"56,369.55","56,376.63",15.81%,"356,607.21","356,607.21",100.00%,高雄市,"56,376.63",15.81%,化學原材料製造業,石化業
112,S1900578,東聯化學股份有限公司高雄林園廠,東聯化學股份有限公司,14057995,"26,542.06","317,216.83","343,758.89",100.00%,"343,758.89","343,758.89",100.00%,高雄市,"343,758.89",100.00%,化學原材料製造業,石化業
112,E5600305,李長榮化學工業股份有限公司高雄廠,李長榮化學工業股份有限公司,39054405,"24,368.18","57,211.81","81,579.99",37.81%,"215,745.08","215,745.08",100.00%,高雄市,"215,745.08",100.00%,化學原材料製造業,石化業
112,S1900676,李長榮化學工業股份有限公司林園廠,李長榮化學工業股份有限公司,39054405,"21,762.63","45,497.32","67,259.95",31.18%,"215,745.08","215,745.08",100.00%,高雄市,"215,745.08",100.00%,化學原材料製造業,石化業
112,S1900658,台灣苯乙烯工業股份有限公司高雄廠,台灣苯乙烯工業股份有限公司,20844865,"174,823.14","25,923.75","200,746.89",100.00%,"200,746.89","200,746.89",100.00%,高雄市,"200,746.89",100.00%,化學原材料製造業,石化業
112,S1900372,台灣氯乙烯工業股份有限公司林園廠,台灣氯乙烯工業股份有限公司,19084015,"121,335.88","55,018.15","176,354.03",100.00%,"176,354.03","176,354.03",100.00%,高雄市,"176,354.03",100.00%,化學原材料製造業,石化業
112,S2201056,台灣聚合化學品股份有限公司高雄廠,台灣聚合化學品股份有限公司,11917107,"20,983.00","121,408.27","142,391.27",100.00%,"142,391.27","142,391.27",100.00%,高雄市,"142,391.27",100.00%,化學原材料製造業,石化業
112,S1901066,信昌化學工業股份有限公司林園廠,信昌化學工業股份有限公司,86120031,"96,379.65","42,068.82","138,448.47",100.00%,"138,448.47","138,448.47",100.00%,高雄市,"138,448.47",100.00%,化學原材料製造業,石化業
112,E5600136,台灣志氯化學股份有限公司?氯廠,台灣志氯化學股份有限公司,22318516,111.53,"136,331.11","136,442.64",100.00%,"136,442.64","136,442.64",100.00%,高雄市,"136,442.64",100.00%,化學原材料製造業,石化業
112,S2300447,高雄塑酯化學工業股份有限公司,高雄塑酯化學工業股份有限公司,85803825,"67,502.81","20,286.69","87,789.50",100.00%,"87,789.50","87,789.50",100.00%,高雄市,"87,789.50",100.00%,化學原材料製造業,石化業
112,E5601437,中鋼碳素化學股份有限公司,中鋼碳素化學股份有限公司,23221384,"26,047.14","57,646.63","83,693.76",100.00%,"83,693.76","83,693.76",100.00%,高雄市,"83,693.76",100.00%,化學原材料製造業,石化業
112,S1900283,和益化學工業股份有限公司,和益化學工業股份有限公司,	04312878,"48,830.53","18,822.18","67,652.71",100.00%,"67,652.71","67,652.71",100.00%,高雄市,"67,652.71",100.00%,化學原材料製造業,石化業
112,S3204695,勝一化工股份有限公司永安二廠,勝一化工股份有限公司,75970680,"27,682.13","5,025.34","32,707.48",55.31%,"59,136.40","59,136.40",100.00%,高雄市,"59,136.40",100.00%,化學原材料製造業,石化業
112,S3200428,勝一化工股份有限公司,勝一化工股份有限公司,75970680,"23,099.07","3,329.86","26,428.92",44.69%,"59,136.40","59,136.40",100.00%,高雄市,"59,136.40",100.00%,化學原材料製造業,石化業
112,S1900729,聯華氣體工業股份有限公司林園工廠,聯華氣體工業股份有限公司,	05258865,"2,301.56","53,654.33","55,955.89",100.00%,"55,955.89","55,955.89",100.00%,高雄市,"55,955.89",100.00%,化學原材料製造業,石化業
112,S1900612,聯成化學科技股份有限公司林園廠,聯成化學科技股份有限公司,	04748660,"37,101.17","14,442.36","51,543.54",100.00%,"51,543.54","51,543.54",100.00%,高雄市,"51,543.54",100.00%,化學原材料製造業,石化業
112,S3200955,遠東氣體工業股份有限公司永安工廠,遠東氣體工業股份有限公司,22956507,18.14,"33,395.98","33,414.13",100.00%,"33,414.13","33,414.13",100.00%,高雄市,"33,414.13",100.00%,化學原材料製造業,石化業
112,S2201154,三芳化學工業股份有限公司,三芳化學工業股份有限公司,83387850,"6,968.13","15,892.28","22,860.41",100.00%,"22,860.41","22,860.41",100.00%,高雄市,"22,860.41",100.00%,化學原材料製造業,石化業
112,E4906835,日月光半導體製造股份有限公司十一廠,日月光半導體製造股份有限公司,76027628,"6,547.81","57,248.82","63,796.62",11.74%,"543,558.41","543,558.41",100.00%,高雄市,"302,767.35",55.70%,半導體製造業,半導體業
112,E49A6630,日月光半導體製造股份有限公司二十二廠,日月光半導體製造股份有限公司,76027628,"6,246.21","43,817.25","50,063.46",9.21%,"543,558.41","543,558.41",100.00%,高雄市,"302,767.35",55.70%,半導體製造業,半導體業
112,E49A9852,日月光半導體製造股份有限公司二十四廠,日月光半導體製造股份有限公司,76027628,744.81,"45,794.75","46,539.56",8.56%,"543,558.41","543,558.41",100.00%,高雄市,"302,767.35",55.70%,半導體製造業,半導體業
112,E49A5078,日月光半導體製造股份有限公司十二廠,日月光半導體製造股份有限公司,76027628,275.87,"36,898.69","37,174.56",6.84%,"543,558.41","543,558.41",100.00%,高雄市,"302,767.35",55.70%,半導體製造業,半導體業
112,E49A5692,日月光半導體製造股份有限公司二十一廠,日月光半導體製造股份有限公司,76027628,"1,610.16","32,676.64","34,286.80",6.31%,"543,558.41","543,558.41",100.00%,高雄市,"302,767.35",55.70%,半導體製造業,半導體業
112,E4905365,日月光半導體製造股份有限公司九廠,日月光半導體製造股份有限公司,76027628,"1,429.45","29,661.19","31,090.64",5.72%,"543,558.41","543,558.41",100.00%,高雄市,"302,767.35",55.70%,半導體製造業,半導體業
112,E49A7579,日月光半導體製造股份有限公司五廠,日月光半導體製造股份有限公司,76027628,442.64,"22,619.71","23,062.35",4.24%,"543,558.41","543,558.41",100.00%,高雄市,"302,767.35",55.70%,半導體製造業,半導體業
112,E4906246,日月光半導體製造股份有限公司凸晶二廠,日月光半導體製造股份有限公司,76027628,"3,364.38","13,388.98","16,753.36",3.08%,"543,558.41","543,558.41",100.00%,高雄市,"302,767.35",55.70%,半導體製造業,半導體業
112,E2903416,華邦電子股份有限公司高雄廠,華邦電子股份有限公司,22099218,"11,900.31","101,718.94","113,619.25",28.62%,"397,006.76","397,006.76",100.00%,高雄市,"113,619.25",28.62%,半導體製造業,半導體業
112,E54A1352,頎邦科技股份有限公司南六廠,頎邦科技股份有限公司,16130009,495.30,"23,937.46","24,432.76",18.03%,"135,476.18","113,014.52",83.42%,高雄市,"46,894.42",34.61%,半導體製造業,半導體業
112,E49A6412,台灣福雷電子股份有限公司三廠,台灣福雷電子股份有限公司,22100242,375.60,"61,551.61","61,927.21",52.09%,"118,894.17","61,927.21",52.09%,高雄市,"118,894.17",100.00%,半導體製造業,半導體業
112,E49A1492,華泰電子股份有限公司封裝測試大樓工廠,華泰電子股份有限公司,89004161,136.40,"32,364.22","32,500.62",45.75%,"71,037.46","32,500.62",45.75%,高雄市,"71,037.46",100.00%,半導體製造業,半導體業
112,E4900397,台灣恩智浦半導體股份有限公司,台灣恩智浦半導體股份有限公司,89002500,"1,210.77","61,873.14","63,083.91",100.00%,"63,083.91","63,083.91",100.00%,高雄市,"63,083.91",100.00%,半導體製造業,半導體業
112,E5402523,華東科技股份有限公司B10廠,華東科技股份有限公司,22101116,462.78,"56,130.27","56,593.06",100.00%,"56,593.06","56,593.06",100.00%,高雄市,"56,593.06",100.00%,半導體製造業,半導體業
112,S2201118,南亞塑膠工業股份有限公司仁武廠,南亞塑膠工業股份有限公司,75370905,"1,211.31","26,379.01","27,590.32",0.74%,"3,752,539.36","2,988,528.75",79.64%,高雄市,"27,590.32",0.74%,塑膠製品製造業,石化業
112,S1900694,台灣石化合成股份有限公司林園廠,台灣石化合成股份有限公司,30974253,"46,948.23","37,895.67","84,843.90",100.00%,"84,843.90","84,843.90",100.00%,高雄市,"84,843.90",100.00%,未分類其他化學製品製造業,石化業
112,S1901002,合興石化工業股份有限公司林園廠,合興石化工業股份有限公司,23531178,"23,591.98","27,132.48","50,724.46",100.00%,"50,724.46","50,724.46",100.00%,高雄市,"50,724.46",100.00%,未分類其他化學製品製造業,石化業
112,E1901105,台合科技股份有限公司,台合科技股份有限公司,12691423,"28,380.83","3,619.94","32,000.77",100.00%,"32,000.77","32,000.77",100.00%,高雄市,"32,000.77",100.00%,未分類其他化學製品製造業,石化業
112,S2900821,長興材料工業股份有限公司路竹廠,長興材料工業股份有限公司,75339004,"13,974.88","17,360.05","31,334.93",100.00%,"31,334.93","31,334.93",100.00%,高雄市,"31,334.93",100.00%,未分類其他化學製品製造業,石化業
112,S1695018,漢翔航空工業股份有限公司岡山廠,漢翔航空工業股份有限公司,97160544,"3,580.15","23,297.85","26,878.01",100.00%,"26,878.01","26,878.01",100.00%,高雄市,"26,878.01",100.00%,未分類其他運輸工具及其零件製造業,航空業
112,E5600056,台灣中油股份有限公司煉製事業部大林煉油廠,台灣中油股份有限公司,	03707901,"2,411,792.56","559,977.53","2,971,770.08",45.42%,"6,542,927.09","6,542,927.09",100.00%,高雄市,"4,886,391.26",74.68%,石油及煤製品製造業,石化業
112,S2300429,國喬石油化學股份有限公司高雄廠,國喬石油化學股份有限公司,	04212250,"416,998.26","20,354.38","437,352.64",100.00%,"437,352.64","437,352.64",100.00%,高雄市,"437,352.64",100.00%,石油及煤製品製造業,石化業
112,E1902497,林園先進材料科技股份有限公司,林園先進材料科技股份有限公司,42818882,"204,778.65","26,068.95","230,847.60",100.00%,"230,847.60","230,847.60",100.00%,高雄市,"230,847.60",100.00%,石油及煤製品製造業,石化業
112,S29A1607,群創光電股份有限公司F廠,群創光電股份有限公司,12800225,"8,900.00","346,759.81","355,659.81",14.74%,"2,412,735.52","2,412,735.52",100.00%,高雄市,"487,561.54",20.21%,光電材料及元件製造業,光電業
112,E2902160,群創光電股份有限公司T6廠,群創光電股份有限公司,12800225,"3,388.46","128,513.28","131,901.74",5.47%,"2,412,735.52","2,412,735.52",100.00%,高雄市,"487,561.54",20.21%,光電材料及元件製造業,光電業
112,E2902964,友達光電股份有限公司高雄廠,友達光電股份有限公司,84149738,143.45,"26,053.09","26,196.55",1.33%,"1,971,912.89","1,971,912.89",100.00%,高雄市,"26,196.55",1.33%,光電材料及元件製造業,光電業
112,E54A4603,頎邦科技股份有限公司南一廠,頎邦科技股份有限公司,16130009,217.23,"22,244.42","22,461.66",16.58%,"135,476.18","22,461.66",16.58%,高雄市,"46,894.42",34.61%,印刷電路板製造業,電子業
112,E4900753,楠梓電子股份有限公司二廠,楠梓電子股份有限公司,76026851,738.45,"29,449.51","30,187.97",100.00%,"30,187.97","30,187.97",100.00%,高雄市,"30,187.97",100.00%,印刷電路板製造業,電子業
112,S1601570,燁興企業股份有限公司軋鋼廠,燁興企業股份有限公司,75992214,"11,895.36","16,193.17","28,088.52",100.00%,"28,088.52","28,088.52",100.00%,高雄市,"28,088.52",100.00%,其他金屬製品製造業,鋼鐵業
112,E5602934,中聯資源股份有限公司臨海廠,中聯資源股份有限公司,86119908,"20,695.62","19,743.87","40,439.49",31.22%,"129,511.28","129,511.28",100.00%,高雄市,"71,675.67",55.34%,其他非金屬礦物製品製造業,非金屬製品加工業
112,E5601697,中聯資源股份有限公司,中聯資源股份有限公司,86119908,"12,070.57","19,165.61","31,236.18",24.12%,"129,511.28","129,511.28",100.00%,高雄市,"71,675.67",55.34%,其他非金屬礦物製品製造業,非金屬製品加工業
112,E5600869,台灣糖業股份有限公司小港廠,台灣糖業股份有限公司,	03794905,"59,740.89","2,787.62","62,528.51",100.00%,"62,528.51","62,528.51",100.00%,高雄市,"62,528.51",100.00%,其他食品製造業,食品業
112,E5601080,漢泰鋼鐵廠股份有限公司,漢泰鋼鐵廠股份有限公司,75688109,"32,352.48","14,637.55","46,990.03",100.00%,"46,990.03","46,990.03",100.00%,高雄市,"46,990.03",100.00%,其他基本金屬製造業,鋼鐵業
112,S1601203,春雨工廠股份有限公司,春雨工廠股份有限公司,88187108,"12,796.06","8,297.60","21,093.65",100.00%,"21,093.65","21,093.65",100.00%,高雄市,"21,093.65",100.00%,其他基本金屬製造業,鋼鐵業
112,E4901947,華泰電子股份有限公司企業總部大樓工廠,華泰電子股份有限公司,89004161,258.56,"38,278.28","38,536.84",54.25%,"71,037.46","38,536.84",54.25%,高雄市,"71,037.46",100.00%,其他電子零組件製造業,電子業
112,E5603655,李長榮科技股份有限公司銅箔廠,李長榮科技股份有限公司,97173920,156.00,"58,566.90","58,722.90",100.00%,"58,722.90","58,722.90",100.00%,高雄市,"58,722.90",100.00%,金屬加工處理業,銅製造業
112,S2500536,燁輝企業股份有限公司高雄一廠,燁輝企業股份有限公司,75947936,"49,540.49","69,390.80","118,931.29",81.82%,"145,362.35","145,362.35",100.00%,高雄市,"118,931.29",81.82%,金屬加工處理業,鋼鐵業
112,S2602473,裕鐵企業股份有限公司岡山二廠,裕鐵企業股份有限公司,85978401,"24,470.29","38,470.31","62,940.60",64.42%,"97,696.59","97,696.59",100.00%,高雄市,"97,696.59",100.00%,金屬加工處理業,鋼鐵業
112,S26A0793,裕鐵企業股份有限公司岡山三廠,裕鐵企業股份有限公司,85978401,"24,786.05","9,969.94","34,755.98",35.58%,"97,696.59","97,696.59",100.00%,高雄市,"97,696.59",100.00%,金屬加工處理業,鋼鐵業
112,E5600565,盛餘股份有限公司,盛餘股份有限公司,79837539,"27,121.56","47,350.66","74,472.23",100.00%,"74,472.23","74,472.23",100.00%,高雄市,"74,472.23",100.00%,金屬加工處理業,鋼鐵業
112,S1601178,晉禾企業股份有限公司,晉禾企業股份有限公司,88680066,"5,154.06","20,435.17","25,589.24",100.00%,"25,589.24","25,589.24",100.00%,高雄市,"25,589.24",100.00%,金屬加工處理業,鋼鐵業
112,S3200946,台灣中油股份有限公司天然氣事業部永安液化天然氣廠,台灣中油股份有限公司,	03707901,"10,480.23","98,300.47","108,780.70",1.66%,"6,542,927.09","6,542,927.09",100.00%,高雄市,"4,886,391.26",74.68%,氣體燃料供應業,石化業
112,S2100223,中華紙漿股份有限公司久堂廠,中華紙漿股份有限公司,94025264,"385,792.01","22,928.29","408,720.30",56.18%,"727,555.62","727,555.62",100.00%,高雄市,"408,720.30",56.18%,紙漿、紙及紙板製造業,造紙業
112,E5600930,台灣國際造船股份有限公司,台灣國際造船股份有限公司,	04695235,"12,144.14","22,116.18","34,260.33",100.00%,"34,260.33","34,260.33",100.00%,高雄市,"34,260.33",100.00%,船舶及其零件製造業,造船業
112,E4900404,國巨股份有限公司楠梓分公司,國巨股份有限公司,22636630,"3,181.51","43,625.31","46,806.82",62.37%,"75,048.35","75,048.35",100.00%,高雄市,"75,048.35",100.00%,被動電子元件製造業,電子業
112,S20A2878,國巨股份有限公司大發二廠,國巨股份有限公司,22636630,"1,530.36","26,711.17","28,241.53",37.63%,"75,048.35","75,048.35",100.00%,高雄市,"75,048.35",100.00%,被動電子元件製造業,電子業
112,E54B0143,華新科技股份有限公司高雄東十五廠,華新科技股份有限公司,19004316,"1,017.25","29,770.22","30,787.47",55.04%,"55,941.60","55,941.60",100.00%,高雄市,"55,941.60",100.00%,被動電子元件製造業,電子業
112,E5408338,華新科技股份有限公司高雄南一廠,華新科技股份有限公司,19004316,"1,431.26","23,722.87","25,154.12",44.96%,"55,941.60","55,941.60",100.00%,高雄市,"55,941.60",100.00%,被動電子元件製造業,電子業
112,S2201092,長春人造樹脂廠股份有限公司高雄廠,長春人造樹脂廠股份有限公司,11384708,"21,289.15","56,917.06","78,206.21",6.78%,"1,152,774.41","1,152,774.41",100.00%,高雄市,"851,395.78",73.86%,塑膠及合成橡膠原料製造業,石化業
112,S23A0124,李長榮化學工業股份有限公司大社廠,李長榮化學工業股份有限公司,39054405,"17,901.82","49,003.32","66,905.14",31.01%,"215,745.08","215,745.08",100.00%,高雄市,"215,745.08",100.00%,塑膠及合成橡膠原料製造業,石化業
112,S2300438,台橡股份有限公司高雄廠,台橡股份有限公司,	03553737,"101,347.44","42,997.72","144,345.17",100.00%,"144,345.17","144,345.17",100.00%,高雄市,"144,345.17",100.00%,塑膠及合成橡膠原料製造業,石化業
112,S1900596,亞洲聚合股份有限公司 林園廠,亞洲聚合股份有限公司,20747385,"10,187.57","97,777.51","107,965.08",100.00%,"107,965.08","107,965.08",100.00%,高雄市,"107,965.08",100.00%,塑膠及合成橡膠原料製造業,石化業
112,E56B1498,環球橡膠股份有限公司小港廠,環球橡膠股份有限公司,29058640,"5,666.65","72,197.15","77,863.80",100.00%,"77,863.80","77,863.80",100.00%,高雄市,"77,863.80",100.00%,塑膠及合成橡膠原料製造業,石化業
112,S2000424,台灣寶理塑膠股份有限公司大發廠,台灣寶理塑膠股份有限公司,22853994,"4,724.63","71,835.30","76,559.93",100.00%,"76,559.93","76,559.93",100.00%,高雄市,"76,559.93",100.00%,塑膠及合成橡膠原料製造業,石化業
112,S1900630,台達化學工業股份有限公司林園廠,台達化學工業股份有限公司,11893409,"5,510.15","32,782.35","38,292.50",100.00%,"38,292.50","38,292.50",100.00%,高雄市,"38,292.50",100.00%,塑膠及合成橡膠原料製造業,石化業
112,S2603498,泓達化工股份有限公司燕巢廠,泓達化工股份有限公司,23418128,"16,074.47","10,287.67","26,362.13",100.00%,"26,362.13","26,362.13",100.00%,高雄市,"26,362.13",100.00%,塑膠及合成橡膠原料製造業,石化業
112,S1900649,南帝化學工業股份有限公司,南帝化學工業股份有限公司,12209807,"1,387.59","20,302.50","21,690.09",100.00%,"21,690.09","21,690.09",100.00%,高雄市,"21,690.09",100.00%,塑膠及合成橡膠原料製造業,石化業
112,E5600092,中鋼鋁業股份有限公司,中鋼鋁業股份有限公司,96971313,"54,489.56","93,090.68","147,580.24",100.00%,"147,580.24","147,580.24",100.00%,高雄市,"147,580.24",100.00%,鋁製造業,鋁製造業
112,E4900879,台灣福雷電子股份有限公司,台灣福雷電子股份有限公司,22100242,772.98,"56,193.98","56,966.96",47.91%,"118,894.17","56,966.96",47.91%,高雄市,"118,894.17",100.00%,機械器具批發業,機械器具批發業
112,E5600841,中國鋼鐵股份有限公司,中國鋼鐵股份有限公司,30414175,"16,758,851.82","1,155,954.38","17,914,806.19",99.16%,"18,066,406.34","18,066,406.34",100.00%,高雄市,"18,066,406.34",100.00%,鋼鐵製造業,鋼鐵業
112,E56A4792,中國鋼鐵股份有限公司第三冷軋廠,中國鋼鐵股份有限公司,30414175,"49,702.09","101,898.06","151,600.15",0.84%,"18,066,406.34","18,066,406.34",100.00%,高雄市,"18,066,406.34",100.00%,鋼鐵製造業,鋼鐵業
112,E56A7340,東和鋼鐵企業股份有限公司大業廠,東和鋼鐵企業股份有限公司,75280209,"35,059.50","14,073.30","49,132.79",5.98%,"822,114.05","822,114.05",100.00%,高雄市,"77,823.42",9.47%,鋼鐵製造業,鋼鐵業
112,E5600369,東和鋼鐵企業股份有限公司高雄廠,東和鋼鐵企業股份有限公司,75280209,"17,751.77","10,938.86","28,690.62",3.49%,"822,114.05","822,114.05",100.00%,高雄市,"77,823.42",9.47%,鋼鐵製造業,鋼鐵業
112,S1601990,燁聯鋼鐵股份有限公司,燁聯鋼鐵股份有限公司,23218395,"190,757.81","294,245.97","485,003.78",100.00%,"485,003.78","485,003.78",100.00%,高雄市,"485,003.78",100.00%,鋼鐵製造業,鋼鐵業
112,E5600332,協勝發鋼鐵廠股份有限公司,協勝發鋼鐵廠股份有限公司,79254702,"83,797.40","190,747.73","274,545.14",100.00%,"274,545.14","274,545.14",100.00%,高雄市,"274,545.14",100.00%,鋼鐵製造業,鋼鐵業
112,S1602102,中鴻鋼鐵股份有限公司熱軋廠,中鴻鋼鐵股份有限公司,	07838854,"132,159.33","101,533.58","233,692.91",89.66%,"260,634.45","260,634.45",100.00%,高雄市,"260,634.45",100.00%,鋼鐵製造業,鋼鐵業
112,S2500527,中鴻鋼鐵股份有限公司冷軋廠,中鴻鋼鐵股份有限公司,	07838854,"10,672.70","16,268.84","26,941.54",10.34%,"260,634.45","260,634.45",100.00%,高雄市,"260,634.45",100.00%,鋼鐵製造業,鋼鐵業
112,E5600501,海光企業股份有限公司,海光企業股份有限公司,75470524,"29,306.89","97,258.42","126,565.31",68.37%,"185,130.89","185,130.89",100.00%,高雄市,"185,130.89",100.00%,鋼鐵製造業,鋼鐵業
112,E5602952,海光企業股份有限公司嘉興鋼鐵廠,海光企業股份有限公司,75470524,"29,078.52","29,487.06","58,565.58",31.63%,"185,130.89","185,130.89",100.00%,高雄市,"185,130.89",100.00%,鋼鐵製造業,鋼鐵業
112,E56A2617,尚承鋼鐵股份有限公司,尚承鋼鐵股份有限公司,27208480,"92,727.24","77,861.45","170,588.69",100.00%,"170,588.69","170,588.69",100.00%,高雄市,"170,588.69",100.00%,鋼鐵製造業,鋼鐵業
112,E5601197,唐榮鐵工廠股份有限公司,唐榮鐵工廠股份有限公司,75460005,"29,842.39","56,537.88","86,380.27",100.00%,"86,380.27","86,380.27",100.00%,高雄市,"86,380.27",100.00%,鋼鐵製造業,鋼鐵業
112,E5600798,龍慶鋼鐵企業股份有限公司,龍慶鋼鐵企業股份有限公司,85793919,"21,852.11","38,331.24","60,183.35",100.00%,"60,183.35","60,183.35",100.00%,高雄市,"60,183.35",100.00%,鋼鐵製造業,鋼鐵業
112,S25A0144,欣建工業股份有限公司,欣建工業股份有限公司,28042430,"16,979.25","11,803.83","28,783.08",100.00%,"28,783.08","28,783.08",100.00%,高雄市,"28,783.08",100.00%,鋼鐵製造業,鋼鐵業
112,C1500291,盧森堡商達爾國際股份有限公司基隆分公司,盧森堡商達爾國際股份有限公司,51158518,662.55,"9,696.23","10,358.78",25.52%,"40,586.04","10,358.78",25.52%,基隆市,"10,358.78",25.52%,其他電子零組件製造業,電子業
112,P5802421,台塑石化股份有限公司麥寮一廠,台塑石化股份有限公司,86522210,"14,322,859.54",,"14,322,859.54",59.10%,"24,234,494.00","24,234,494.00",100.00%,雲林縣,"24,234,494.00",100.00%,化學原材料製造業,石化業
112,P5806349,台灣塑膠工業股份有限公司海豐廠,台灣塑膠工業股份有限公司,75708007,"90,900.23","178,539.77","269,440.00",3.31%,"8,130,027.41","8,130,027.41",100.00%,雲林縣,"4,564,374.31",56.14%,化學原材料製造業,石化業
112,P5802001,台灣塑膠工業股份有限公司麥寮碳纖廠,台灣塑膠工業股份有限公司,75708007,"4,819.57","165,342.66","170,162.24",2.09%,"8,130,027.41","8,130,027.41",100.00%,雲林縣,"4,564,374.31",56.14%,化學原材料製造業,石化業
112,P5802092,台灣化學纖維股份有限公司海豐廠,台灣化學纖維股份有限公司,58650902,"1,239,393.23","1,759,810.47","2,999,203.70",37.38%,"8,022,912.66","8,002,500.26",99.75%,雲林縣,"4,507,874.46",56.19%,化學原材料製造業,石化業
112,P5801773,台灣化學纖維股份有限公司麥寮廠,台灣化學纖維股份有限公司,58650902,"411,589.40","1,097,081.36","1,508,670.76",18.80%,"8,022,912.66","8,002,500.26",99.75%,雲林縣,"4,507,874.46",56.19%,化學原材料製造業,石化業
112,P5802387,大連化學工業股份有限公司麥寮廠,大連化學工業股份有限公司,12233428,"79,961.33","624,392.57","704,353.91",50.87%,"1,384,650.66","1,384,650.66",100.00%,雲林縣,"704,353.91",50.87%,化學原材料製造業,石化業
112,P5802323,南中石化工業股份有限公司乙二醇廠,南中石化工業股份有限公司,97161348,"1,556.64","76,154.99","77,711.63",100.00%,"77,711.63","77,711.63",100.00%,雲林縣,"77,711.63",100.00%,化學原材料製造業,石化業
112,P5802378,台塑旭彈性纖維股份有限公司麥寮廠,台塑旭彈性纖維股份有限公司,16446128,"4,347.63","39,197.09","43,544.72",100.00%,"43,544.72","43,544.72",100.00%,雲林縣,"43,544.72",100.00%,化學原材料製造業,石化業
112,P5801871,台塑勝高科技股份有限公司麥寮矽晶圓廠,台塑勝高科技股份有限公司,89406518,"5,871.80","223,231.51","229,103.31",100.00%,"229,103.31","229,103.31",100.00%,雲林縣,"229,103.31",100.00%,半導體製造業,半導體業
112,P4602196,福懋科技股份有限公司,福懋科技股份有限公司,23826736,987.86,"111,015.42","112,003.28",100.00%,"112,003.28","112,003.28",100.00%,雲林縣,"112,003.28",100.00%,半導體製造業,半導體業
112,P5802430,台塑石化股份有限公司麥寮三廠,台塑石化股份有限公司,86522210,"5,634,888.94","39,128.85","5,674,017.79",23.41%,"24,234,494.00","24,234,494.00",100.00%,雲林縣,"24,234,494.00",100.00%,未分類其他化學製品製造業,石化業
112,P5801728,台塑石化股份有限公司麥寮二廠,台塑石化股份有限公司,86522210,"4,046,891.77","190,724.90","4,237,616.67",17.49%,"24,234,494.00","24,234,494.00",100.00%,雲林縣,"24,234,494.00",100.00%,未分類其他化學製品製造業,石化業
112,P5801602,台灣塑膠工業股份有限公司麥寮廠,台灣塑膠工業股份有限公司,75708007,"454,469.75","3,670,302.32","4,124,772.08",50.74%,"8,130,027.41","8,130,027.41",100.00%,雲林縣,"4,564,374.31",56.14%,未分類其他化學製品製造業,石化業
112,P5805753,長春石油化學股份有限公司麥寮廠,長春石油化學股份有限公司,11384806,"19,544.25","469,354.17","488,898.42",19.75%,"2,475,901.51","2,475,901.51",100.00%,雲林縣,"488,898.42",19.75%,未分類其他化學製品製造業,石化業
112,P5805780,台灣醋酸化學股份有限公司醋酸廠,台灣醋酸化學股份有限公司,80087041,"16,203.87","119,983.09","136,186.96",100.00%,"136,186.96","136,186.96",100.00%,雲林縣,"136,186.96",100.00%,未分類其他化學製品製造業,石化業
112,P5805244,南亞塑膠工業股份有限公司海豐總廠,南亞塑膠工業股份有限公司,75370905,"159,395.47","506,783.30","666,178.77",17.75%,"3,752,539.36","2,988,528.75",79.64%,雲林縣,"1,604,777.62",42.77%,化學原材料製造業,石化業
112,P5801513,南亞塑膠工業股份有限公司麥寮總廠,南亞塑膠工業股份有限公司,75370905,"233,556.92","705,041.93","938,598.84",25.01%,"3,752,539.36","2,988,528.75",79.64%,雲林縣,"1,604,777.62",42.77%,化學原材料製造業,石化業
112,P4602758,富喬工業股份有限公司,富喬工業股份有限公司,16834268,"28,555.33","46,019.57","74,574.90",49.27%,"151,358.74","151,358.74",100.00%,雲林縣,"151,358.74",100.00%,其他非金屬礦物製品製造業,非金屬製品加工業
112,P4602276,台日古河銅箔股份有限公司,台日古河銅箔股份有限公司,97168665,"2,977.98","48,142.90","51,120.88",100.00%,"51,120.88","51,120.88",100.00%,雲林縣,"51,120.88",100.00%,其他基本金屬製造業,銅製造業
112,P46A5881,古河銅箔股份有限公司,古河銅箔股份有限公司,53372182,"1,044.09","19,709.09","20,753.19",100.00%,"20,753.19","20,753.19",100.00%,雲林縣,"20,753.19",100.00%,其他基本金屬製造業,銅製造業
112,P4607940,上銀科技股份有限公司-雲科廠,上銀科技股份有限公司,23503047,287.40,"37,463.18","37,750.58",100.00%,"37,750.58","37,750.58",100.00%,雲林縣,"37,750.58",100.00%,金屬加工用機械設備製造業,金屬加工用機械設備製造業
112,P46A0069,巧新科技工業股份有限公司二廠,巧新科技工業股份有限公司,84980915,"10,195.53","31,712.99","41,908.52",100.00%,"41,908.52","41,908.52",100.00%,雲林縣,"41,908.52",100.00%,金屬加工處理業,鋁製造業
112,P4600987,福懋興業股份有限公司,福懋興業股份有限公司,14001199,"70,239.06","57,355.54","127,594.61",78.87%,"161,770.50","161,770.50",100.00%,雲林縣,"161,770.50",100.00%,染整業,紡織業
112,P46A0693,艾杰旭顯示玻璃股份有限公司斗六二廠,艾杰旭顯示玻璃股份有限公司,70584724,"84,684.92","161,486.62","246,171.54",63.28%,"389,005.92","389,005.92",100.00%,雲林縣,"360,796.92",92.75%,玻璃及其製品製造業,非金屬製品加工業
112,P4606327,艾杰旭顯示玻璃股份有限公司斗六一廠,艾杰旭顯示玻璃股份有限公司,70584724,"24,092.81","90,532.57","114,625.38",29.47%,"389,005.92","389,005.92",100.00%,雲林縣,"360,796.92",92.75%,玻璃及其製品製造業,非金屬製品加工業
112,P48A0851,富喬工業股份有限公司雲林分公司,富喬工業股份有限公司,16834268,"37,640.07","39,143.77","76,783.84",50.73%,"151,358.74","151,358.74",100.00%,雲林縣,"151,358.74",100.00%,玻璃及其製品製造業,非金屬製品加工業
112,P5500191,合眾紙業股份有限公司林內廠,合眾紙業股份有限公司,	04380087,"32,008.49","23,999.25","56,007.74",100.00%,"56,007.74","56,007.74",100.00%,雲林縣,"56,007.74",100.00%,紙漿、紙及紙板製造業,造紙業
112,P46B5125,中國石油化學工業開發股份有限公司斗六廠,中國石油化學工業開發股份有限公司,	03084741,"15,530.38","11,459.29","26,989.67",3.20%,"843,460.77","26,989.67",3.20%,雲林縣,"26,989.67",3.20%,紡紗業,紡織業
112,P4601984,福懋興業股份有限公司第二廠,福懋興業股份有限公司,14001199,"8,450.49","25,725.40","34,175.89",21.13%,"161,770.50","161,770.50",100.00%,雲林縣,"161,770.50",100.00%,紡織品製造業,紡織業
112,P58A1635,台塑科騰化學有限公司,台塑科騰化學有限公司,53667030,"7,782.11","54,215.75","61,997.85",100.00%,"61,997.85","61,997.85",100.00%,雲林縣,"61,997.85",100.00%,塑膠及合成橡膠原料製造業,石化業
112,P4606818,金居開發股份有限公司斗六二廠,金居開發股份有限公司,16447610,"1,269.06","53,741.86","55,010.92",52.71%,"104,357.19","104,357.19",100.00%,雲林縣,"104,357.19",100.00%,銅製造業,銅製造業
112,P4602552,金居開發股份有限公司斗六一廠,金居開發股份有限公司,16447610,"1,860.62","47,485.65","49,346.27",47.29%,"104,357.19","104,357.19",100.00%,雲林縣,"104,357.19",100.00%,銅製造業,銅製造業
112,P4801322,台榮產業股份有限公司雲林廠,台榮產業股份有限公司,	03543210,"24,638.22","14,203.82","38,842.05",100.00%,"38,842.05","38,842.05",100.00%,雲林縣,"38,842.05",100.00%,碾穀、磨粉及澱粉製品製造業,碾穀、磨粉及澱粉製品製造業
112,P5400070,建大工業股份有限公司雲林廠,建大工業股份有限公司,59619900,"10,746.19","16,071.40","26,817.59",100.00%,"26,817.59","26,817.59",100.00%,雲林縣,"26,817.59",100.00%,橡膠製品製造業,石化業
112,F1606662,南亞科技股份有限公司三廠,南亞科技股份有限公司,89390656,"56,653.82","373,670.30","430,324.12",100.00%,"430,324.12","430,324.12",100.00%,新北市,"430,324.12",100.00%,半導體製造業,半導體業
112,F0401403,德州儀器工業股份有限公司,德州儀器工業股份有限公司,33405832,"1,581.51","46,339.18","47,920.69",100.00%,"47,920.69","47,920.69",100.00%,新北市,"47,920.69",100.00%,半導體製造業,半導體業
112,F0500803,台灣通用器材股份有限公司,台灣通用器材股份有限公司,38119936,"3,781.05","44,135.15","47,916.20",100.00%,"47,916.20","47,916.20",100.00%,新北市,"47,916.20",100.00%,半導體製造業,半導體業
112,F1600491,南亞塑膠工業股份有限公司林口二廠,南亞塑膠工業股份有限公司,75370905,"20,191.64","59,929.52","80,121.15",2.14%,"3,752,539.36","2,988,528.75",79.64%,新北市,"169,895.46",4.53%,塑膠製品製造業,石化業
112,F1304789,燿華電子股份有限公司土城二廠,燿華電子股份有限公司,	05637971,659.40,"41,699.33","42,358.73",48.42%,"87,482.71","87,482.71",100.00%,新北市,"42,358.73",48.42%,印刷電路板製造業,電子業
112,F0801707,三洋窯業股份有限公司,三洋窯業股份有限公司,34263157,"26,899.48","9,325.14","36,224.62",100.00%,"36,224.62","36,224.62",100.00%,新北市,"36,224.62",100.00%,其他非金屬礦物製品製造業,非金屬製品加工業
112,F0701702,南亞塑膠工業股份有限公司樹林廠,南亞塑膠工業股份有限公司,75370905,"52,219.17","37,555.13","89,774.30",2.39%,"3,752,539.36","2,988,528.75",79.64%,新北市,"169,895.46",4.53%,塑膠及合成橡膠原料製造業,石化業
112,F07B5260,南亞電路板股份有限公司樹林一廠,南亞電路板股份有限公司,16096804,"1,616.29","60,819.47","62,435.77",14.10%,"442,870.11","442,870.11",100.00%,新北市,"62,435.77",14.10%,印刷電路板製造業,電子業
112,O1746614,聯亞科技股份有限公司三廠,聯亞科技股份有限公司,22099456,100.28,"213,314.73","213,415.01",38.54%,"553,705.98","553,705.98",100.00%,新竹市,"233,810.32",42.23%,化學原材料製造業,石化業
112,O1743793,聯亞科技股份有限公司二廠,聯亞科技股份有限公司,22099456,2.99,"20,392.32","20,395.31",3.68%,"553,705.98","553,705.98",100.00%,新竹市,"233,810.32",42.23%,化學原材料製造業,石化業
112,O17N2261,亞東工業氣體股份有限公司竹科二廠,亞東工業氣體股份有限公司,22522453,3.32,"32,386.94","32,390.26",9.08%,"356,607.21","356,607.21",100.00%,新竹市,"32,390.26",9.08%,化學原材料製造業,石化業
112,O1709308,台灣積體電路製造股份有限公司十二廠,台灣積體電路製造股份有限公司,22099131,"53,801.63","252,600.02","306,401.66",2.68%,"11,418,277.62","11,418,277.62",100.00%,新竹市,"548,989.88",4.81%,半導體製造業,半導體業
112,O1713311,台灣積體電路製造股份有限公司八廠,台灣積體電路製造股份有限公司,22099131,"70,610.39","171,977.83","242,588.22",2.12%,"11,418,277.62","11,418,277.62",100.00%,新竹市,"548,989.88",4.81%,半導體製造業,半導體業
112,O1709148,聯華電子股份有限公司Fab8D廠,聯華電子股份有限公司,47217677,"59,347.39","147,122.38","206,469.77",14.44%,"1,430,026.92","1,430,026.92",100.00%,新竹市,"554,637.94",38.79%,半導體製造業,半導體業
112,O1706209,聯華電子股份有限公司Fab8A廠,聯華電子股份有限公司,47217677,"45,681.61","104,923.85","150,605.45",10.53%,"1,430,026.92","1,430,026.92",100.00%,新竹市,"554,637.94",38.79%,半導體製造業,半導體業
112,O1706692,聯華電子股份有限公司Fab8E廠,聯華電子股份有限公司,47217677,"26,958.37","72,078.16","99,036.53",6.93%,"1,430,026.92","1,430,026.92",100.00%,新竹市,"554,637.94",38.79%,半導體製造業,半導體業
112,O1708632,聯華電子股份有限公司Fab8F廠,聯華電子股份有限公司,47217677,"23,138.23","75,387.96","98,526.19",6.89%,"1,430,026.92","1,430,026.92",100.00%,新竹市,"554,637.94",38.79%,半導體製造業,半導體業
112,O1751197,世界先進積體電路股份有限公司晶圓二廠,世界先進積體電路股份有限公司,84149358,"38,139.03","126,393.38","164,532.41",26.02%,"632,278.14","632,278.14",100.00%,新竹市,"210,971.85",33.37%,半導體製造業,半導體業
112,O17N5463,世界先進積體電路股份有限公司晶圓五廠,世界先進積體電路股份有限公司,84149358,"6,227.91","40,211.53","46,439.44",7.34%,"632,278.14","632,278.14",100.00%,新竹市,"210,971.85",33.37%,半導體製造業,半導體業
112,O17M3925,力晶積成電子製造股份有限公司P1/2,力晶積成電子製造股份有限公司,28112667,"21,583.49","278,194.47","299,777.96",51.42%,"582,943.65","582,943.65",100.00%,新竹市,"541,998.52",92.98%,半導體製造業,半導體業
112,O17M3896,力晶積成電子製造股份有限公司P3,力晶積成電子製造股份有限公司,28112667,"15,515.24","138,430.02","153,945.26",26.41%,"582,943.65","582,943.65",100.00%,新竹市,"541,998.52",92.98%,半導體製造業,半導體業
112,O1753306,力晶積成電子製造股份有限公司8A,力晶積成電子製造股份有限公司,28112667,"8,788.86","79,486.44","88,275.30",15.14%,"582,943.65","582,943.65",100.00%,新竹市,"541,998.52",92.98%,半導體製造業,半導體業
112,O17A6887,旺宏電子股份有限公司晶圓五廠,旺宏電子股份有限公司,22099548,"55,996.40","151,115.22","207,111.61",58.29%,"355,303.42","355,303.42",100.00%,新竹市,"355,303.42",100.00%,半導體製造業,半導體業
112,O1706307,旺宏電子股份有限公司晶圓二廠,旺宏電子股份有限公司,22099548,"63,138.11","85,053.70","148,191.80",41.71%,"355,303.42","355,303.42",100.00%,新竹市,"355,303.42",100.00%,半導體製造業,半導體業
112,O17K9082,力成科技股份有限公司竹科分公司,力成科技股份有限公司,16082267,"1,829.41","21,795.64","23,625.05",7.71%,"306,448.34","262,250.24",85.58%,新竹市,"40,534.43",13.23%,半導體製造業,半導體業
112,O17N2439,力成科技股份有限公司竹科三廠,力成科技股份有限公司,16082267,995.88,"15,913.49","16,909.37",5.52%,"306,448.34","262,250.24",85.58%,新竹市,"40,534.43",13.23%,半導體製造業,半導體業
112,O1747924,頎邦科技股份有限公司展業廠,頎邦科技股份有限公司,16130009,213.24,"43,503.75","43,716.99",32.27%,"135,476.18","113,014.52",83.42%,新竹市,"43,716.99",32.27%,半導體製造業,半導體業
112,O1704812,台灣茂矽電子股份有限公司,台灣茂矽電子股份有限公司,22099110,"80,834.37","45,102.86","125,937.23",100.00%,"125,937.23","125,937.23",100.00%,新竹市,"125,937.23",100.00%,半導體製造業,半導體業
112,O1700798,元隆電子股份有限公司,元隆電子股份有限公司,22099174,"47,601.84","21,397.75","68,999.59",100.00%,"68,999.59","68,999.59",100.00%,新竹市,"68,999.59",100.00%,半導體製造業,半導體業
112,O1701115,漢磊科技股份有限公司研新廠,漢磊科技股份有限公司,54389725,"4,281.32","7,151.82","11,433.14",18.28%,"62,555.19","62,555.19",100.00%,新竹市,"11,433.14",18.28%,半導體製造業,半導體業
112,O17A0968,新唐科技股份有限公司,新唐科技股份有限公司,28112646,"18,725.68","35,031.35","53,757.02",100.00%,"53,757.02","53,757.02",100.00%,新竹市,"53,757.02",100.00%,半導體製造業,半導體業
112,O17N8209,盧森堡商達爾國際股份有限公司新竹分公司,盧森堡商達爾國際股份有限公司,51158518,"14,365.51","15,861.75","30,227.26",74.48%,"40,586.04","30,227.26",74.48%,新竹市,"30,227.26",74.48%,半導體製造業,半導體業
112,O17N6560,鴻揚半導體股份有限公司,鴻揚半導體股份有限公司,90505585,"8,320.13","26,711.55","35,031.68",100.00%,"35,031.68","35,031.68",100.00%,新竹市,"35,031.68",100.00%,半導體製造業,半導體業
112,O1713197,台亞半導體股份有限公司力行廠,台亞半導體股份有限公司,47255947,"2,123.72","27,347.23","29,470.95",100.00%,"29,470.95","29,470.95",100.00%,新竹市,"29,470.95",100.00%,半導體製造業,半導體業
112,O1707162,矽格聯測股份有限公司,矽格聯測股份有限公司,84149456,377.16,"28,468.88","28,846.04",100.00%,"28,846.04","28,846.04",100.00%,新竹市,"28,846.04",100.00%,半導體製造業,半導體業
112,O1706923,昇陽國際半導體股份有限公司,昇陽國際半導體股份有限公司,84149884,"4,520.54","18,655.89","23,176.43",100.00%,"23,176.43","23,176.43",100.00%,新竹市,"23,176.43",100.00%,半導體製造業,半導體業
112,O1745831,敦南科技股份有限公司新竹分公司廠,敦南科技股份有限公司,23528103,"11,482.13","7,137.71","18,619.83",100.00%,"18,619.83","18,619.83",100.00%,新竹市,"18,619.83",100.00%,半導體製造業,半導體業
112,O17M3787,晶成半導體股份有限公司竹科廠,晶成半導體股份有限公司,28114454,"2,123.67","5,110.94","7,234.61",100.00%,"7,234.61","7,234.61",100.00%,新竹市,"7,234.61",100.00%,半導體製造業,半導體業
112,O1707395,友達光電股份有限公司L5廠,友達光電股份有限公司,84149738,944.66,"32,640.25","33,584.91",1.70%,"1,971,912.89","1,971,912.89",100.00%,新竹市,"44,520.73",2.26%,光電材料及元件製造業,光電業
112,O1709193,友達光電股份有限公司L3B廠,友達光電股份有限公司,84149738,637.36,"10,298.46","10,935.82",0.55%,"1,971,912.89","1,971,912.89",100.00%,新竹市,"44,520.73",2.26%,光電材料及元件製造業,光電業
112,O1706049,元太科技工業股份有限公司,元太科技工業股份有限公司,22099890,399.46,"19,166.43","19,565.89",100.00%,"19,565.89","19,565.89",100.00%,新竹市,"19,565.89",100.00%,光電材料及元件製造業,光電業
112,O1749526,采鈺科技股份有限公司,采鈺科技股份有限公司,80601119,"4,229.05","26,418.15","30,647.20",73.02%,"41,970.21","30,647.20",73.02%,新竹市,"30,647.20",73.02%,其他電子零組件製造業,電子業
112,O1703351,台灣玻璃工業股份有限公司新竹廠,台灣玻璃工業股份有限公司,11914002,"120,304.40","42,695.83","163,000.23",27.22%,"598,879.83","598,879.83",100.00%,新竹市,"163,000.23",27.22%,玻璃及其製品製造業,非金屬製品加工業
112,O1703315,華夏玻璃股份有限公司,華夏玻璃股份有限公司,47109348,"76,030.98","26,120.55","102,151.53",100.00%,"102,151.53","102,151.53",100.00%,新竹市,"102,151.53",100.00%,玻璃及其製品製造業,非金屬製品加工業
112,O1702523,正隆股份有限公司新竹廠,正隆股份有限公司,33085508,"15,259.20","10,461.73","25,720.94",1.92%,"1,338,222.45","1,338,222.45",100.00%,新竹市,"25,720.94",1.92%,紙漿、紙及紙板製造業,造紙業
112,J5700222,遠東新世紀股份有限公司化學纖維總廠,遠東新世紀股份有限公司,	03522600,"267,507.45","117,561.72","385,069.17",67.61%,"569,531.79","552,113.34",96.94%,新竹縣,"402,487.62",70.67%,人造纖維製造業,石化業
112,J6300539,聯亞科技股份有限公司一廠,聯亞科技股份有限公司,22099456,7.42,"44,849.67","44,857.09",8.10%,"553,705.98","553,705.98",100.00%,新竹縣,"44,857.09",8.10%,化學原材料製造業,石化業
112,J63A1670,台灣積體電路製造股份有限公司十二廠七期,台灣積體電路製造股份有限公司,22099131,"48,023.07","375,839.94","423,863.02",3.71%,"11,418,277.62","11,418,277.62",100.00%,新竹縣,"1,890,136.76",16.55%,半導體製造業,半導體業
112,J63A1056,台灣積體電路製造股份有限公司十二廠四期/五期,台灣積體電路製造股份有限公司,22099131,"40,385.37","309,532.67","349,918.05",3.06%,"11,418,277.62","11,418,277.62",100.00%,新竹縣,"1,890,136.76",16.55%,半導體製造業,半導體業
112,J63A1591,台灣積體電路製造股份有限公司十二廠六期,台灣積體電路製造股份有限公司,22099131,"18,497.57","246,813.47","265,311.04",2.32%,"11,418,277.62","11,418,277.62",100.00%,新竹縣,"1,890,136.76",16.55%,半導體製造業,半導體業
112,J63A3567,台灣積體電路製造股份有限公司十二廠八期,台灣積體電路製造股份有限公司,22099131,"13,368.83","211,685.76","225,054.59",1.97%,"11,418,277.62","11,418,277.62",100.00%,新竹縣,"1,890,136.76",16.55%,半導體製造業,半導體業
112,J6301107,台灣積體電路製造股份有限公司三廠,台灣積體電路製造股份有限公司,22099131,"39,365.62","160,916.75","200,282.36",1.75%,"11,418,277.62","11,418,277.62",100.00%,新竹縣,"1,890,136.76",16.55%,半導體製造業,半導體業
112,J63A0107,台灣積體電路製造股份有限公司十二廠研新廠,台灣積體電路製造股份有限公司,22099131,"11,368.93","130,441.43","141,810.36",1.24%,"11,418,277.62","11,418,277.62",100.00%,新竹縣,"1,890,136.76",16.55%,半導體製造業,半導體業
112,J6301447,台灣積體電路製造股份有限公司五廠,台灣積體電路製造股份有限公司,22099131,"29,731.78","92,019.67","121,751.45",1.07%,"11,418,277.62","11,418,277.62",100.00%,新竹縣,"1,890,136.76",16.55%,半導體製造業,半導體業
112,J6300557,台灣積體電路製造股份有限公司二廠,台灣積體電路製造股份有限公司,22099131,"19,956.66","74,697.99","94,654.65",0.83%,"11,418,277.62","11,418,277.62",100.00%,新竹縣,"1,890,136.76",16.55%,半導體製造業,半導體業
112,J6300324,台灣積體電路製造股份有限公司三廠3E廠,台灣積體電路製造股份有限公司,22099131,"6,285.17","61,206.07","67,491.24",0.59%,"11,418,277.62","11,418,277.62",100.00%,新竹縣,"1,890,136.76",16.55%,半導體製造業,半導體業
112,J63A0048,聯華電子股份有限公司Fab8S廠,聯華電子股份有限公司,47217677,"15,108.79","65,979.33","81,088.12",5.67%,"1,430,026.92","1,430,026.92",100.00%,新竹縣,"81,088.12",5.67%,半導體製造業,半導體業
112,J6300959,世界先進積體電路股份有限公司晶圓一廠,世界先進積體電路股份有限公司,84149358,"55,186.76","107,146.43","162,333.19",25.67%,"632,278.14","632,278.14",100.00%,新竹縣,"162,333.19",25.67%,半導體製造業,半導體業
112,J63A1422,矽品精密工業股份有限公司新竹分公司三廠,矽品精密工業股份有限公司,55991080,391.19,"44,110.98","44,502.17",7.96%,"559,058.66","559,058.66",100.00%,新竹縣,"44,502.17",7.96%,半導體製造業,半導體業
112,J59A7436,力成科技股份有限公司3C廠,力成科技股份有限公司,16082267,"2,248.73","73,957.30","76,206.04",24.87%,"306,448.34","262,250.24",85.58%,新竹縣,"265,913.91",86.77%,半導體製造業,半導體業
112,J59A0579,力成科技股份有限公司大同廠,力成科技股份有限公司,16082267,"1,652.33","72,624.54","74,276.87",24.24%,"306,448.34","262,250.24",85.58%,新竹縣,"265,913.91",86.77%,半導體製造業,半導體業
112,J59B1009,力成科技股份有限公司文化一廠,力成科技股份有限公司,16082267,"2,259.50","42,108.01","44,367.50",14.48%,"306,448.34","262,250.24",85.58%,新竹縣,"265,913.91",86.77%,半導體製造業,半導體業
112,J59B1316,力成科技股份有限公司新興廠,力成科技股份有限公司,16082267,"1,932.23","24,933.17","26,865.40",8.77%,"306,448.34","262,250.24",85.58%,新竹縣,"265,913.91",86.77%,半導體製造業,半導體業
112,J6300860,南茂科技股份有限公司竹科一廠,南茂科技股份有限公司,16130042,566.15,"47,481.70","48,047.85",21.36%,"224,959.77","224,959.77",100.00%,新竹縣,"114,199.78",50.76%,半導體製造業,半導體業
112,J5501121,南茂科技股份有限公司(竹北廠),南茂科技股份有限公司,16130042,834.81,"37,614.35","38,449.15",17.09%,"224,959.77","224,959.77",100.00%,新竹縣,"114,199.78",50.76%,半導體製造業,半導體業
112,J59B0259,南茂科技股份有限公司湖口一廠,南茂科技股份有限公司,16130042,"1,189.50","26,513.28","27,702.78",12.31%,"224,959.77","224,959.77",100.00%,新竹縣,"114,199.78",50.76%,半導體製造業,半導體業
112,J6301090,環球晶圓股份有限公司中德廠,環球晶圓股份有限公司,28113286,"1,531.51","122,507.42","124,038.92",85.43%,"145,193.38","124,038.92",85.43%,新竹縣,"124,038.92",85.43%,半導體製造業,半導體業
112,J59B0675,頎邦科技股份有限公司光復廠,頎邦科技股份有限公司,16130009,"7,714.79","37,149.99","44,864.77",33.12%,"135,476.18","113,014.52",83.42%,新竹縣,"44,864.77",33.12%,半導體製造業,半導體業
112,J5909814,艾克爾國際科技股份有限公司新竹廠,艾克爾國際科技股份有限公司,16631664,166.11,"34,379.73","34,545.84",44.17%,"78,213.33","78,213.33",100.00%,新竹縣,"34,545.84",44.17%,半導體製造業,半導體業
112,J59A5024,晶兆成科技股份有限公司一廠,晶兆成科技股份有限公司,28438025,934.61,"40,753.20","41,687.82",57.83%,"72,087.01","72,087.01",100.00%,新竹縣,"72,087.01",100.00%,半導體製造業,半導體業
112,J59B2542,晶兆成科技股份有限公司二廠,晶兆成科技股份有限公司,28438025,348.96,"30,050.23","30,399.20",42.17%,"72,087.01","72,087.01",100.00%,新竹縣,"72,087.01",100.00%,半導體製造業,半導體業
112,J6300299,漢磊科技股份有限公司研發廠,漢磊科技股份有限公司,54389725,"18,669.13","22,850.46","41,519.60",66.37%,"62,555.19","62,555.19",100.00%,新竹縣,"51,122.05",81.72%,半導體製造業,半導體業
112,J6300146,漢磊科技股份有限公司創新廠,漢磊科技股份有限公司,54389725,"3,745.78","5,856.67","9,602.45",15.35%,"62,555.19","62,555.19",100.00%,新竹縣,"51,122.05",81.72%,半導體製造業,半導體業
112,J63A1719,聯穎光電股份有限公司竹科廠,聯穎光電股份有限公司,53170263,"11,043.85","35,661.27","46,705.12",100.00%,"46,705.12","46,705.12",100.00%,新竹縣,"46,705.12",100.00%,半導體製造業,半導體業
112,J59A1389,矽格股份有限公司湖口廠,矽格股份有限公司,23218022,251.69,"40,075.05","40,326.73",100.00%,"40,326.73","40,326.73",100.00%,新竹縣,"40,326.73",100.00%,半導體製造業,半導體業
112,J5909010,欣銓科技股份有限公司新工一廠,欣銓科技股份有限公司,70751779,550.01,"28,659.66","29,209.67",100.00%,"29,209.67","29,209.67",100.00%,新竹縣,"29,209.67",100.00%,半導體製造業,半導體業
112,J6304706,亞太優勢微系統股份有限公司,亞太優勢微系統股份有限公司,70815339,"6,178.67","12,295.49","18,474.16",100.00%,"18,474.16","18,474.16",100.00%,新竹縣,"18,474.16",100.00%,半導體製造業,半導體業
112,J5905432,艾克爾先進科技股份有限公司,艾克爾先進科技股份有限公司,16847968,790.26,"10,780.51","11,570.77",100.00%,"11,570.77","11,570.77",100.00%,新竹縣,"11,570.77",100.00%,半導體製造業,半導體業
112,J59A1577,辛耘企業股份有限公司,辛耘企業股份有限公司,30901647,886.32,"9,504.36","10,390.68",100.00%,"10,390.68","10,390.68",100.00%,新竹縣,"10,390.68",100.00%,半導體製造業,半導體業
112,J59A4937,元晶太陽能科技股份有限公司新竹廠,元晶太陽能科技股份有限公司,28997300,"7,025.94","36,363.43","43,389.37",100.00%,"43,389.37","43,389.37",100.00%,新竹縣,"43,389.37",100.00%,光電材料及元件製造業,光電業
112,J61A1452,欣興電子股份有限公司新豐一廠,欣興電子股份有限公司,23535435,"8,312.96","113,330.64","121,643.60",22.64%,"537,380.48","537,380.48",100.00%,新竹縣,"151,677.60",28.23%,印刷電路板製造業,電子業
112,J59B2582,欣興電子股份有限公司仁義一廠,欣興電子股份有限公司,23535435,"1,017.04","29,016.97","30,034.00",5.59%,"537,380.48","537,380.48",100.00%,新竹縣,"151,677.60",28.23%,印刷電路板製造業,電子業
112,J61A3270,景碩科技股份有限公司新豐一廠,景碩科技股份有限公司,70785139,"5,441.04","53,812.17","59,253.21",25.03%,"236,714.85","236,714.85",100.00%,新竹縣,"84,714.09",35.79%,印刷電路板製造業,電子業
112,J61A3280,景碩科技股份有限公司新豐二廠,景碩科技股份有限公司,70785139,256.76,"25,204.12","25,460.88",10.76%,"236,714.85","236,714.85",100.00%,新竹縣,"84,714.09",35.79%,印刷電路板製造業,電子業
112,J5500491,台燿科技股份有限公司,台燿科技股份有限公司,	04226091,"19,987.62","25,476.64","45,464.26",100.00%,"45,464.26","45,464.26",100.00%,新竹縣,"45,464.26",100.00%,印刷電路板製造業,電子業
112,J5905343,旭德科技股份有限公司,旭德科技股份有限公司,16638110,"2,666.41","27,975.02","30,641.43",100.00%,"30,641.43","30,641.43",100.00%,新竹縣,"30,641.43",100.00%,印刷電路板製造業,電子業
112,J5902468,台豐印刷電路工業股份有限公司新竹第一工廠,台豐印刷電路工業股份有限公司,11833698,752.13,"29,849.08","30,601.21",100.00%,"30,601.21","30,601.21",100.00%,新竹縣,"30,601.21",100.00%,印刷電路板製造業,電子業
112,J5500366,正隆股份有限公司竹北廠,正隆股份有限公司,33085508,"80,905.96","47,977.68","128,883.63",9.63%,"1,338,222.45","1,338,222.45",100.00%,新竹縣,"128,883.63",9.63%,其他紙製品製造業,造紙業
112,J5909547,力成科技股份有限公司湖口廠,力成科技股份有限公司,16082267,"1,214.22","42,983.87","44,198.10",14.42%,"306,448.34","44,198.10",14.42%,新竹縣,"265,913.91",86.77%,其他電子零組件製造業,電子業
112,J6203071,台星科股份有限公司,台星科股份有限公司,70552666,"3,274.88","28,685.99","31,960.87",100.00%,"31,960.87","31,960.87",100.00%,新竹縣,"31,960.87",100.00%,其他電子零組件製造業,電子業
112,J6300155,台灣高技股份有限公司,台灣高技股份有限公司,22099343,"1,107.01","4,677.78","5,784.80",100.00%,"5,784.80","5,784.80",100.00%,新竹縣,"5,784.80",100.00%,其他電子零組件製造業,電子業
112,J5700231,大享容器工業股份有限公司,大享容器工業股份有限公司,46007218,"38,377.09","9,748.00","48,125.09",100.00%,"48,125.09","48,125.09",100.00%,新竹縣,"48,125.09",100.00%,玻璃及其製品製造業,非金屬製品加工業
112,J5901238,遠東新世紀股份有限公司湖口紡織廠,遠東新世紀股份有限公司,	03522600,109.96,"17,308.48","17,418.44",3.06%,"569,531.79","17,418.44",3.06%,新竹縣,"402,487.62",70.67%,紡紗業,紡織業
112,J5901658,長春人造樹脂廠股份有限公司新竹廠,長春人造樹脂廠股份有限公司,11384708,"159,010.34","71,858.56","230,868.89",20.03%,"1,152,774.41","1,152,774.41",100.00%,新竹縣,"230,868.89",20.03%,塑膠及合成橡膠原料製造業,石化業
112,J5901747,三陽工業股份有限公司新竹廠,三陽工業股份有限公司,24004006,"11,424.54","25,533.30","36,957.84",100.00%,"36,957.84","36,957.84",100.00%,新竹縣,"36,957.84",100.00%,機車及其零件製造業,汽機車業
112,J6100762,南港輪胎股份有限公司新豐廠,南港輪胎股份有限公司,11520909,"12,672.30","26,301.15","38,973.45",100.00%,"38,973.45","38,973.45",100.00%,新竹縣,"38,973.45",100.00%,橡膠製品製造業,石化業
112,J5901854,台灣普利司通股份有限公司新竹工廠,台灣普利司通股份有限公司,43031502,"9,994.90","17,770.72","27,765.63",100.00%,"27,765.63","27,765.63",100.00%,新竹縣,"27,765.63",100.00%,橡膠製品製造業,石化業
112,Q7100254,台灣化學纖維股份有限公司新港廠,台灣化學纖維股份有限公司,58650902,"2,067,217.00","19,357.23","2,086,574.24",26.01%,"8,022,912.66","8,002,500.26",99.75%,嘉義縣,"2,086,574.24",26.01%,人造纖維製造業,石化業
112,Q68A1602,和大工業股份有限公司嘉義廠,和大工業股份有限公司,52264848,"2,122.81","25,415.71","27,538.52",100.00%,"27,538.52","27,538.52",100.00%,嘉義縣,"27,538.52",100.00%,汽車零件製造業,汽機車業
112,Q76A0767,曜智實業股份有限公司嘉義廠,曜智實業股份有限公司,12617727,"25,143.77","5,376.84","30,520.60",100.00%,"30,520.60","30,520.60",100.00%,嘉義縣,"30,520.60",100.00%,染整業,紡織業
112,Q7100245,台灣必成股份有限公司新港廠,台灣必成股份有限公司,22662355,"40,358.44","114,311.00","154,669.44",100.00%,"154,669.44","154,669.44",100.00%,嘉義縣,"154,669.44",100.00%,玻璃及其製品製造業,非金屬製品加工業
112,Q6901613,福隆玻璃纖維股份有限公司,福隆玻璃纖維股份有限公司,22663571,"21,530.80","28,319.14","49,849.95",100.00%,"49,849.95","49,849.95",100.00%,嘉義縣,"49,849.95",100.00%,玻璃及其製品製造業,非金屬製品加工業
112,Q6900821,上評資源循環股份有限公司嘉義廠,上評資源循環股份有限公司,91004618,"7,259.96","13,771.53","21,031.50",100.00%,"21,031.50","21,031.50",100.00%,嘉義縣,"21,031.50",100.00%,紙漿、紙及紙板製造業,造紙業
112,Q7100754,台灣塑膠工業股份有限公司新港廠,台灣塑膠工業股份有限公司,75708007,"9,172.96","254,840.06","264,013.02",3.25%,"8,130,027.41","8,130,027.41",100.00%,嘉義縣,"264,013.02",3.25%,塑膠及合成橡膠原料製造業,石化業
112,Q7100272,南亞塑膠工業股份有限公司新港廠,南亞塑膠工業股份有限公司,75370905,"41,834.16","700,132.67","741,966.83",19.77%,"3,752,539.36","2,988,528.75",79.64%,嘉義縣,"831,168.60",22.15%,塑膠製品製造業,石化業
112,Q7600375,南亞塑膠工業股份有限公司嘉義廠,南亞塑膠工業股份有限公司,75370905,"14,883.63","74,318.15","89,201.78",2.38%,"3,752,539.36","2,988,528.75",79.64%,嘉義縣,"831,168.60",22.15%,塑膠製品製造業,石化業
112,N2904318,力鵬企業股份有限公司彰化尼龍總廠,力鵬企業股份有限公司,33955322,"69,916.34","60,357.44","130,273.78",62.49%,"208,485.03","130,273.78",62.49%,彰化縣,"130,273.78",62.49%,人造纖維製造業,石化業
112,N2902234,力麗企業股份有限公司彰化化纖總廠,力麗企業股份有限公司,	07663290,"48,275.70","63,742.82","112,018.52",71.47%,"156,729.03","112,018.52",71.47%,彰化縣,"156,729.03",100.00%,人造纖維製造業,石化業
112,N15A2520,長春石油化學股份有限公司彰濱廠,長春石油化學股份有限公司,11384806,"38,510.37","11,989.30","50,499.67",2.04%,"2,475,901.51","2,475,901.51",100.00%,彰化縣,"50,499.67",2.04%,化學原材料製造業,石化業
112,N16A1755,長春人造樹脂廠股份有限公司彰濱廠,長春人造樹脂廠股份有限公司,11384708,"45,305.46","25,204.28","70,509.74",6.12%,"1,152,774.41","1,152,774.41",100.00%,彰化縣,"70,509.74",6.12%,化學原材料製造業,石化業
112,N1607141,台灣鋼聯股份有限公司,台灣鋼聯股份有限公司,89528054,"73,123.37","9,399.67","82,523.04",100.00%,"82,523.04","82,523.04",100.00%,彰化縣,"82,523.04",100.00%,化學原材料製造業,石化業
112,N16A0638,晉瑜企業股份有限公司彰濱廠,晉瑜企業股份有限公司,89939090,"6,651.94","32,505.99","39,157.93",56.12%,"69,771.89","69,771.89",100.00%,彰化縣,"39,157.93",56.12%,水泥及其製品製造業,水泥業
112,N0911075,矽品精密工業股份有限公司彰化廠,矽品精密工業股份有限公司,55991080,"1,424.04","109,078.58","110,502.62",19.77%,"559,058.66","559,058.66",100.00%,彰化縣,"110,502.62",19.77%,半導體製造業,半導體業
112,N3000533,碁富食品股份有限公司彰化廠,碁富食品股份有限公司,22360437,"5,783.77","17,705.06","23,488.83",100.00%,"23,488.83","23,488.83",100.00%,彰化縣,"23,488.83",100.00%,肉類加工及保藏業,食品業
112,N1601229,慶欣欣鋼鐵股份有限公司,慶欣欣鋼鐵股份有限公司,80354671,"136,601.74","215,342.11","351,943.85",100.00%,"351,943.85","351,943.85",100.00%,彰化縣,"351,943.85",100.00%,其他金屬製品製造業,鋼鐵業
112,N1601854,獻麒紡織工業股份有限公司,獻麒紡織工業股份有限公司,22474430,"14,418.13","3,543.96","17,962.08",100.00%,"17,962.08","17,962.08",100.00%,彰化縣,"17,962.08",100.00%,染整業,紡織業
112,N08A1098,台灣玻璃工業股份有限公司鹿港平板廠,台灣玻璃工業股份有限公司,11914002,"107,631.88","14,734.85","122,366.73",20.43%,"598,879.83","598,879.83",100.00%,彰化縣,"229,940.95",38.40%,玻璃及其製品製造業,非金屬製品加工業
112,N0803765,台灣玻璃工業股份有限公司鹿港廠,台灣玻璃工業股份有限公司,11914002,"30,529.40","77,044.82","107,574.22",17.96%,"598,879.83","598,879.83",100.00%,彰化縣,"229,940.95",38.40%,玻璃及其製品製造業,非金屬製品加工業
112,N1400562,榮成紙業股份有限公司,榮成紙業股份有限公司,34202841,"232,555.03","262,149.96","494,705.00",66.20%,"747,331.29","747,331.29",100.00%,彰化縣,"747,331.29",100.00%,紙漿、紙及紙板製造業,造紙業
112,N14A1507,榮成紙業股份有限公司蒸汽廠,榮成紙業股份有限公司,34202841,"252,626.29",,"252,626.29",33.80%,"747,331.29","747,331.29",100.00%,彰化縣,"747,331.29",100.00%,紙漿、紙及紙板製造業,造紙業
112,N0702450,台灣化學纖維股份有限公司,台灣化學纖維股份有限公司,58650902,570.70,"19,841.70","20,412.40",0.25%,"8,022,912.66","20,412.40",0.25%,彰化縣,"20,412.40",0.25%,紡紗業,紡織業
112,N2901755,力麗企業股份有限公司彰化一廠,力麗企業股份有限公司,	07663290,263.36,"24,721.56","24,984.92",15.94%,"156,729.03","44,710.51",28.53%,彰化縣,"156,729.03",100.00%,紡紗業,紡織業
112,N2907186,力麗企業股份有限公司彰化五廠,力麗企業股份有限公司,	07663290,114.55,"19,611.04","19,725.59",12.59%,"156,729.03","44,710.51",28.53%,彰化縣,"156,729.03",100.00%,紡紗業,紡織業
112,N2907551,東隆興業股份有限公司彰化芳苑廠,東隆興業股份有限公司,18770509,643.05,"22,266.52","22,909.57",63.22%,"36,235.44","36,235.44",100.00%,彰化縣,"22,909.57",63.22%,紡紗業,紡織業
112,N2100552,正新橡膠工業股份有限公司,正新橡膠工業股份有限公司,59504506,"23,511.65","26,832.50","50,344.15",63.29%,"79,551.45","79,551.45",100.00%,彰化縣,"79,551.45",100.00%,橡膠製品製造業,石化業
112,N3200337,正新橡膠工業股份有限公司溪州廠,正新橡膠工業股份有限公司,59504506,"6,980.85","22,226.44","29,207.30",36.71%,"79,551.45","79,551.45",100.00%,彰化縣,"79,551.45",100.00%,橡膠製品製造業,石化業