公司,事業統編,2022範疇一,2023範疇一,2024範疇一,2022範疇二,2023範疇二,2024範疇二,2022總排放,2023總排放,2024總排放,2022營收,2023營收,2024營收,2022密集度,2023密集度,2024密集度,密集度變化
大統新創股份有限公司,22267777,"18,740.03","9,785.03","9,257.16","5,009.60","4,008.71","3,961.12","23,749.63","13,793.74","13,218.28",845.152,655.221,788.039,28.10101615,21.05204198,16.77363683777,-40.31%
怡華實業股份有限公司,33144175,"13,259.87","7,880.10","8,286.22","39,478.23","25,850.16","17,100.77","52,738.10","33,730.26","25,387.00",617.25,1684.895,1042.275,85.44042122,20.01920594,24.35729533952,-71.49%
精金科技股份有限公司,70750217,"10,978.39","5,308.68","5,356.27","45,625.95","40,331.65","42,560.63","56,604.33","45,640.33","47,916.90",2405.963,1331.826,1466.434,23.52668349,34.26898859,32.67579720601,38.89%
台灣茂矽電子股份有限公司,22099110,"148,898.84","80,834.37","70,126.64","48,420.03","45,102.86","44,915.19","197,318.87","125,937.23","115,041.83",2151.511,1483.112,1893.958,91.71176443,84.91417371,60.74148951561,-33.77%
建榮工業材料股份有限公司,86691377,"9,033.35","8,926.83","8,861.81","19,561.21","17,292.37","17,563.41","28,594.56","26,219.20","26,425.21",1334.967,1232.147,1969.541,21.41967554,21.27927918,13.41693826125,-37.36%
達邁科技股份有限公司,70776899,"14,317.44","12,538.27","14,703.59","21,382.42","19,928.36","21,443.00","35,699.85","32,466.63","36,146.59",1889.36,1593.021,2246.579,18.8952079,20.38054112,16.08961447605,-14.85%
宏洲纖維工業股份有限公司,7220710,"14,591.31","9,046.85","12,356.37","25,703.78","17,539.90","22,036.36","40,295.09","26,586.75","34,392.73",3145.933,1995.376,2305.985,12.80862943,13.32418051,14.91455061503,16.44%
台灣鋼聯股份有限公司,89528054,"76,284.26","73,123.37","79,958.20","9,954.27","9,399.67","8,166.83","86,238.53","82,523.04","88,125.03",2637.583,2041.441,2378.461,32.69604407,40.42391624,37.05128232079,13.32%
李長榮科技股份有限公司,97173920,638.42,156.00,156.50,"60,892.54","58,566.90","51,851.76","61,530.96","58,722.90","52,008.26",4047.957,3557.969,2993.614,15.20049744,16.5046126,17.37306813771,14.29%
臺鹽實業股份有限公司,89397503,"24,318.35","24,583.77","21,775.88","1,003.56",891.67,"1,482.86","25,321.91","25,475.44","23,258.74",3613.607,3408.811,3238.152,7.007377947,7.47340935,7.18272026761,2.50%
楠梓電子股份有限公司,76026851,"3,214.07",738.45,"2,197.58","36,327.85","29,449.51","40,086.96","39,541.92","30,187.97","42,284.54",5132.715,3515.939,3332.053,7.703899398,8.586033489,12.69023631977,64.72%
冠軍建材股份有限公司,49701774,"62,354.20","61,784.65","56,986.52","26,396.57","26,632.19","23,443.66","88,750.77","88,416.84","80,430.18",3006.408,3137.657,3429.476,29.52053414,28.17925605,23.45261491843,-20.55%
台榮產業股份有限公司,3543210,"15,738.29","24,638.22","27,527.70","14,859.06","14,203.82","14,024.57","30,597.35","38,842.05","41,552.27",3537.556,3293.888,3480.143,8.64929064,11.79215869,11.93981684086,38.04%
昇陽國際半導體股份有限公司,84149884,"5,214.91","4,520.54","4,186.63","19,860.12","18,655.89","23,060.17","25,075.03","23,176.43","27,246.80",3138.053,3327.7,3551.607,7.990633045,6.964699342,7.67168214276,-3.99%
東隆興業股份有限公司,18770509,"14,030.43","5,917.61","7,513.19","49,360.17","30,317.83","44,130.83","63,390.60","36,235.44","51,644.02",4099.883,2818.246,3921.876,15.46156317,12.85744396,13.16819297703,-14.83%
台星科股份有限公司,70552666,"3,146.80","3,274.88","3,717.47","29,763.66","28,685.99","18,876.96","32,910.46","31,960.87","22,594.42",3947.152,3667.818,4166.57,8.337773666,8.713864756,5.42278660865,-34.96%
富喬工業股份有限公司,16834268,"75,818.71","66,195.40","63,281.07","97,114.34","85,163.34","87,560.24","172,933.05","151,358.74","150,841.31",4650.737,3199.921,4246.703,37.18400976,47.30077399,35.51962781480,-4.48%
台亞半導體股份有限公司,47255947,"1,342.74","2,123.72","3,330.34","26,244.50","27,347.23","31,742.78","27,587.25","29,470.95","35,073.11",4529.777,3972.279,4299.897,6.090200467,7.419154093,8.15673259150,33.93%
宏捷科技股份有限公司,16130423,"26,801.91","27,492.14","25,759.52","19,325.99","18,747.10","20,395.43","46,127.90","46,239.24","46,154.95",2163.751,2723.1,4455.584,21.31848813,16.98036796,10.35890020253,-51.41%
元晶太陽能科技股份有限公司,28997300,"6,076.06","7,025.94","4,894.68","33,722.16","36,363.43","31,096.52","39,798.23","43,389.37","35,991.20",9005.063,8260.947,4514.018,4.419539319,5.252348187,7.97320701867,80.41%
信大水泥股份有限公司,3279507,"479,090.36","551,764.81","433,199.45","36,572.53","40,857.11","32,821.94","515,662.89","592,621.92","466,021.39",6388.338,6259.864,4656.29,80.71941247,94.67009507,100.08427095391,23.99%
台耀化學股份有限公司,96922622,"7,686.85","8,307.09","9,484.00","25,787.12","27,042.35","26,257.76","33,473.98","35,349.44","35,741.76",3765.504,4360.448,4731.046,8.889641334,8.106836729,7.55472679826,-15.02%
幸福水泥股份有限公司,40601248,"547,480.59","569,060.22","548,647.98","37,566.94","37,569.29","35,697.89","585,047.53","606,629.51","584,345.87",4149.253,5094.743,4867.094,141.0006886,119.0696979,120.06052687702,-14.85%
三福氣體股份有限公司,11072509,"1,506.08","1,359.13","3,662.18","504,841.28","553,568.53","554,185.97","506,347.36","554,927.66","557,848.15",5618.6,4990.961,5324.424,90.1198448,111.186535,104.77154899760,16.26%
菱生精密工業股份有限公司,55625676,0.00,0.00,269.36,0,0,"13,317.09",0,0,"13,586.46",6006.806,5660.171,5372.56,0,0,2.52886147386,#DIV/0!
環泰企業股份有限公司,12529007,"25,842.86","28,149.02","27,598.50","4,508.97","4,620.59","4,201.96","30,351.83","32,769.62","31,800.46",5044.45,5339.217,5634.86,6.016875973,6.1375329,5.64352264298,-6.21%
和大工業股份有限公司,52264848,"1,319.71","2,122.81","1,154.09","26,356.57","25,415.71","22,560.50","27,676.28","27,538.52","23,714.60",7339.165,6599.23,5774.47,3.771039348,4.172989879,4.10680114365,8.90%
聯合再生能源股份有限公司,27763753,"1,850.81","1,044.46",659.04,"55,191.31","39,090.81","37,123.39","57,042.12","40,135.27","37,782.43",18382.051,12516.227,5784.135,3.103142299,3.206658844,6.53207955900,110.50%
漢磊科技股份有限公司,54389725,"42,437.33","26,696.23","30,745.61","38,014.89","35,858.95","35,034.72","80,452.22","62,555.19","65,780.33",8879.881,7080.216,5816.92,9.060056098,8.835209265,11.30844673814,24.82%
亞洲聚合股份有限公司,20747385,"10,393.49","10,187.57","10,154.77","98,793.34","97,777.51","90,756.88","109,186.83","107,965.08","100,911.65",9815.332,6717.128,6031.266,11.12410971,16.07310148,16.73142089903,50.41%
東南實業股份有限公司,11384405,"50,882.20","46,904.10","50,287.16","6,934.95","7,255.46","6,631.62","57,817.15","54,159.56","56,918.78",8025.189,5879.183,6366.238,7.204459608,9.212089503,8.94072449066,24.10%
年興紡織股份有限公司,22266307,"15,151.07","5,023.71","5,312.78","18,880.81","15,232.64","4,714.21","34,031.88","20,256.36","10,027.00",8695.169,6358.816,6420.661,3.913883675,3.185555298,1.56167721672,-60.10%
潤泰精密材料股份有限公司,86871981,"562,702.56","626,513.58","589,798.80","40,190.34","47,822.36","47,245.67","602,892.90","674,335.94","637,044.46",4249.175,5500.872,6667.704,141.8846953,122.5870989,95.54180269550,-32.66%
晶碩光學股份有限公司,25021158,0.00,149.82,182.22,0,"39,809.83","36,558.96",0,"39,959.65","36,741.18",6321.198,6789.861,6817.305,0,5.885194115,5.38939947677,#DIV/0!
金居開發股份有限公司,16447610,"1,912.86","3,129.68","2,626.34","110,847.16","101,227.51","91,092.49","112,760.03","104,357.19","93,718.82",7407.454,6169.504,6821.558,15.2225083,16.91500484,13.73862393313,-9.75%
燁興企業股份有限公司,75992214,"12,796.25","11,895.36","11,215.45","17,365.41","16,193.17","14,939.97","30,161.67","28,088.52","26,155.42",6828.696,5015.149,6899.957,4.416900386,5.600734893,3.79066420269,-14.18%
精材科技股份有限公司,16741846,"55,076.95","30,025.25","13,856.90","90,407.56","88,467.58","90,201.89","145,484.51","118,492.83","104,058.78",7731.797,6386.868,7059.941,18.81639029,18.55257225,14.73932714169,-21.67%
嘉聯益科技股份有限公司,86980046,"9,443.17",256.71,209.61,"28,111.90","21,089.74","15,767.10","37,555.07","21,346.44","15,976.71",14742.461,9834.58,7282.327,2.547408469,2.170549225,2.19390175695,-13.88%
中環股份有限公司,12205020,69.84,24.26,24.80,"69,337.18","54,670.16","33,229.65","69,407.03","54,694.42","33,254.46",7692.376,7384.447,7435.183,9.022833777,7.40670493,4.47258123976,-50.43%
巧新科技工業股份有限公司,84980915,"10,647.77","10,195.53","8,843.47","31,816.56","31,712.99","26,538.85","42,464.34","41,908.52","35,382.32",6401.739,7779.316,7473.579,6.633250746,5.387172857,4.73432073174,-28.63%
中鋼碳素化學股份有限公司,23221384,"31,295.96","26,047.14","23,297.51","59,078.72","57,646.63","56,755.80","90,374.68","83,693.76","80,053.31",10459.797,8317.678,7647.47,8.640194451,10.06215437,10.46794691578,21.15%
華東科技股份有限公司,22101116,"1,924.06",462.78,"2,628.26","79,619.35","56,130.27","56,919.30","81,543.41","56,593.06","59,547.57",9506.348,7276.069,7859.456,8.577785076,7.777971869,7.57655109972,-11.67%
環球水泥股份有限公司,7568009,"27,169.65","29,385.14","29,394.52","5,414.90","5,460.08","4,956.84","32,584.56","34,845.22","34,351.36",7055.789,7802.362,7953.734,4.618131296,4.465983506,4.31889726259,-6.48%
宏遠興業股份有限公司,22817999,"68,775.10","52,461.53","57,581.23","60,181.79","43,387.87","37,833.65","128,956.89","95,849.40","95,414.88",9807.785,7838.642,8263.751,13.14842138,12.22780681,11.54619494222,-12.19%
力麗企業股份有限公司,7663290,"90,031.67","48,653.60","37,174.58","127,455.97","108,075.42","81,360.15","217,487.64","156,729.03","118,534.74",12237.226,8149.113,8269.877,17.77262592,19.232649,14.33331354263,-19.35%
東盟開發實業股份有限公司,88121697,"26,189.57","23,467.83","22,953.28","33,518.23","32,007.64","29,842.66","59,707.81","55,475.48","52,795.94",11690.408,8943.512,8691.643,5.107418834,6.202874218,6.07433370192,18.93%
合晶科技股份有限公司,16138282,"7,877.59","3,313.57","3,518.13","69,633.43","60,412.25","60,629.64","77,511.03","63,725.82","64,147.76",12677.431,10047.814,8721.123,6.114095987,6.342257132,7.35544722853,20.30%
凌巨科技股份有限公司,16432742,"143,940.05","141,543.88","38,237.75","84,758.39","83,378.99","80,277.36","228,698.45","224,922.87","118,515.12",10414.37,9042.115,8767.126,21.95989292,24.87502869,13.51812669283,-38.44%
誠美材料科技股份有限公司,27790294,"15,861.83","15,468.71","14,463.49","31,082.04","30,914.12","29,334.91","46,943.87","46,382.84","43,798.40",9499.682,9237.663,8927.193,4.941625414,5.021057815,4.90617823542,-0.72%
福懋科技股份有限公司,23826736,"1,954.43",987.86,"2,993.86","127,559.74","111,015.42","111,111.97","129,514.17","112,003.28","114,105.83",10433.443,7648.594,8932.564,12.41336824,14.643643,12.77414077302,2.91%
春雨工廠股份有限公司,88187108,"10,023.34","12,796.06","10,180.92","5,202.37","8,297.60","5,315.28","15,225.71","21,093.65","15,496.20",11049.641,8460.641,9165.105,1.377937075,2.493150342,1.69078259333,22.70%
集盛實業股份有限公司,43295237,"27,646.87","23,593.53","31,063.48","108,769.76","87,032.06","92,767.40","136,416.63","110,625.59","123,830.88",9301.445,7740.588,9427.002,14.66617606,14.29162617,13.13576468956,-10.43%
辛耘企業股份有限公司,30901647,725.32,886.32,681.95,"9,706.75","9,504.36","9,854.27","10,432.07","10,390.68","10,536.22",5649.986,6911.981,9688.28,1.846388646,1.503285382,1.08752224337,-41.10%
海光企業股份有限公司,75470524,"57,532.33","58,385.41","56,902.30","139,438.02","126,745.48","118,800.95","196,970.35","185,130.89","175,703.26",11044.978,9365.089,9724.332,17.83347599,19.76819334,18.06841436512,1.32%
瀚宇彩晶股份有限公司,16450500,"58,444.65","16,776.56","14,163.44","257,717.00","249,063.44","195,629.77","316,161.65","265,839.99","209,793.21",17050.76,12352.965,9964.484,18.54237876,21.52033864,21.05409672995,13.55%
采鈺科技股份有限公司,80601119,"5,725.25","4,910.12","5,042.85","22,395.94","37,060.10","29,508.00","28,121.19","41,970.21","34,550.86",9077.148,7236.928,10002.074,3.098020435,5.799451093,3.45436956375,11.50%
威致鋼鐵工業股份有限公司,69771636,"95,634.50","86,682.61","66,913.97","189,286.11","162,234.34","167,127.09","284,920.61","248,916.95","234,041.06",13123.335,10484.173,10196.132,21.71099115,23.74216354,22.95390644217,5.72%
和益化學工業股份有限公司,4312878,"62,058.75","48,830.53","57,623.97","19,646.10","18,822.18","16,628.97","81,704.86","67,652.71","74,252.94",10571.226,9432.293,10304.487,7.728986212,7.172456369,7.20588419394,-6.77%
三芳化學工業股份有限公司,83387850,"8,190.14","6,968.13","8,261.93","21,656.25","15,892.28","15,576.02","29,846.39","22,860.41","23,837.95",10763.499,10086.736,10779.822,2.77292635,2.266383298,2.21134912988,-20.25%
永豐餘消費品實業股份有限公司,22327037,"59,564.90","62,910.57","61,702.31","46,408.79","46,650.28","47,204.14","105,973.70","109,560.84","108,906.46",10124.589,10264.803,10896.652,10.46696315,10.6734479,9.99448821528,-4.51%
勝一化工股份有限公司,75970680,"52,501.53","50,781.20","55,765.86","8,499.33","8,355.20","8,523.00","61,000.86","59,136.40","64,288.86",11345.083,9852.91,11056.943,5.376854449,6.001922275,5.81434307837,8.14%
華夏海灣塑膠股份有限公司,11686106,"32,854.81","29,583.74","22,373.72","83,295.65","75,042.86","68,172.70","116,150.46","104,626.60","90,546.42",17637.479,13707.305,11086.725,6.585434347,7.632908146,8.16710254832,24.02%
南帝化學工業股份有限公司,12209807,"1,120.64","1,387.59","1,360.24","31,164.72","20,302.50","25,336.77","32,285.36","21,690.09","26,697.02",11668.543,8942.042,11364.286,2.766871579,2.425630522,2.34920346074,-15.10%
台灣苯乙烯工業股份有限公司,20844865,"199,683.07","174,823.14","246,626.01","28,712.38","25,923.75","28,866.10","228,395.45","200,746.89","275,492.11",12853.96,9541.182,11422.94,17.76848924,21.0400441,24.11744349528,35.73%
台灣肥料股份有限公司,3795101,"451,006.45","372,488.83","384,323.87","43,909.29","41,432.07","39,439.08","494,915.74","413,920.90","423,762.94",15052.251,15014.788,11873.258,32.879849,27.56754874,35.69053582429,8.55%
得力實業股份有限公司,73686632,"49,421.33","36,913.39","32,688.84","33,039.33","26,393.72","23,320.77","82,460.66","63,307.12","56,009.61",12277.001,9830.034,11994.022,6.716677795,6.440173045,4.66979383563,-30.47%
唐榮鐵工廠股份有限公司,75460005,"35,304.92","29,842.39","36,080.52","68,059.47","56,537.88","59,364.17","103,364.39","86,380.27","95,444.68",14021.337,10706.636,12189.393,7.371935358,8.067918812,7.83014215720,6.22%
台塑勝高科技股份有限公司,89406518,"5,914.32","5,871.80","8,735.07","224,035.65","223,231.51","281,014.17","229,949.97","229,103.31","289,749.24",16392.965,14876.233,12421.635,14.02735686,15.40062662,23.32617566045,66.29%
榮剛材料科技股份有限公司,84252697,"108,592.39","96,044.65","95,136.76","87,541.89","95,988.93","98,020.71","196,134.27","192,033.58","193,157.47",12365.317,13525.251,12864.438,15.86164512,14.19815277,15.01483935793,-5.34%
欣銓科技股份有限公司,70751779,0.00,550.01,609.23,0,"28,659.66","23,545.17",0,"29,209.67","24,154.40",14499.155,14052.235,13100.592,0,2.078649411,1.84376400700,#DIV/0!
中聯資源股份有限公司,86119908,"73,740.45","65,863.82","56,911.06","65,476.17","63,647.46","61,805.92","139,216.63","129,511.28","118,716.97",11382.629,12394.902,13290.553,12.23062177,10.44875385,8.93243268358,-26.97%
盛餘股份有限公司,79837539,"23,586.44","27,121.56","33,145.08","43,828.05","47,350.66","49,308.64","67,414.50","74,472.23","82,453.72",12796.257,12389.155,13690.701,5.268298378,6.011082273,6.02260760789,14.32%
台灣國際造船股份有限公司,4695235,0.00,"12,144.14","5,265.07",0,"22,116.18","16,415.57",0,"34,260.33","21,680.64",21994.05,21476.365,14494.347,0,1.595257391,1.49579970729,#DIV/0!
台灣半導體股份有限公司,34286449,34.25,"4,699.68","7,036.21","10,341.86","10,103.88","10,011.45","10,376.11","14,803.56","17,047.66",15687.134,14616.014,14828.792,0.6614407705,1.012831542,1.14963241780,73.81%
超豐電子股份有限公司,5126366,"1,056.49","1,508.80","1,243.47","104,521.93","99,493.95","103,196.47","105,578.42","101,002.75","104,439.94",15950.309,13570.076,15213.24,6.619208443,7.443049693,6.86506884792,3.71%
南港輪胎股份有限公司,11520909,"12,683.08","12,672.30","13,723.60","26,862.48","26,301.15","25,194.81","39,545.55","38,973.45","38,918.41",7412.234,7851.974,15223.519,5.335172905,4.963522549,2.55646608383,-52.08%
華泰電子股份有限公司,89004161,344.11,394.96,345.25,"68,278.32","70,642.50","63,916.99","68,622.43","71,037.46","64,262.24",15531.669,16690.436,16277.445,4.418226399,4.25617761,3.94793163178,-10.64%
敬鵬工業股份有限公司,43816068,"2,992.24","3,111.40","4,362.18","58,483.46","55,303.00","52,410.46","61,475.70","58,414.40","56,772.65",17614.328,16749.415,16355.21,3.490096244,3.48754867,3.47122721139,-0.54%
國喬石油化學股份有限公司,4212250,"318,971.98","416,998.26","503,346.52","35,884.73","20,354.38","3,253.54","354,856.71","437,352.64","506,600.06",18176.626,15719.189,16418.417,19.52269415,27.82285015,30.85559710172,58.05%
臺南紡織股份有限公司,68919301,"55,048.95","49,629.66","34,076.53","79,062.07","74,369.64","62,359.11","134,111.02","123,999.30","96,435.64",21968.232,19445.212,17190.251,6.104770743,6.376855135,5.60990296186,-8.11%
穩懋半導體股份有限公司,70752257,"46,202.71","36,260.89","33,681.32","115,107.80","108,607.76","76,852.84","161,310.51","144,868.65","110,534.16",18334.336,15836.498,17457.713,8.798273905,9.147770549,6.33153724087,-28.04%
可成科技股份有限公司,69905810,"3,757.57","1,324.20","1,058.70","22,689.22","9,915.57","8,896.03","26,446.78","11,239.77","9,954.73",27820.529,18073.884,18084.188,0.9506210324,0.6218790604,0.55046596507,-42.09%
矽格股份有限公司,23218022,259.58,251.69,195.26,"41,956.99","40,075.05","38,855.11","42,216.57","40,326.73","39,050.36",18694.345,15479.501,18218.144,2.258253499,2.605169895,2.14348728389,-5.08%
燿華電子股份有限公司,5637971,"4,002.48","2,962.52","4,258.41","94,340.17","84,520.19","89,957.22","98,342.65","87,482.71","94,215.63",17423.501,14960.822,18531.998,5.644253127,5.847453435,5.08394345823,-9.93%
台達化學工業股份有限公司,11893409,"6,604.71","5,510.15","6,827.49","31,738.43","32,782.35","32,754.11","38,343.14","38,292.50","39,581.60",18083.799,15205.462,18622.91,2.120303372,2.518338476,2.12542508126,0.24%
頎邦科技股份有限公司,16130009,"7,708.26","8,640.56","9,457.72","132,854.67","126,835.62","127,584.68","140,562.93","135,476.18","137,042.41",24010.157,20056.388,20337.566,5.854311157,6.754764617,6.73838796639,15.10%
中華紙漿股份有限公司,94025264,"578,127.95","553,320.42","555,959.22","188,316.60","174,235.20","157,121.90","766,444.55","727,555.62","713,081.12",23651.129,20955.451,20767.53,32.40625638,34.71915828,34.33634717273,5.96%
大統益股份有限公司,20927014,"29,545.13","12,072.14","4,714.52","64,871.39","88,705.19","104,179.99","94,416.52","100,777.33","108,894.51",24676.96,23560.347,22066.604,3.826100136,4.277412807,4.93481053995,28.98%
南茂科技股份有限公司,16130042,"3,743.92","3,826.92","3,013.80","227,753.47","221,132.85","235,796.90","231,497.39","224,959.77","238,810.71",23517.064,21356.228,22695.909,9.843804907,10.5336846,10.52219190692,6.89%
台燿科技股份有限公司,4226091,"20,904.52","19,987.62","18,149.43","27,722.48","25,476.64","25,207.57","48,627.00","45,464.26","43,357.00",18472.128,16002.537,23070.425,2.632452525,2.841065764,1.87933252205,-28.61%
東聯化學股份有限公司,14057995,"30,434.40","26,542.06","20,976.34","309,618.79","317,216.83","291,738.64","340,053.20","343,758.89","312,714.98",22081.099,20816.931,23784.62,15.40019362,16.51342794,13.14778121324,-14.63%
上銀科技股份有限公司,23503047,"1,322.33",287.40,817.58,"43,902.67","37,463.18","34,154.74","45,225.00","37,750.58","34,972.32",29314.648,24632.772,24391.684,1.542744092,1.532534787,1.43378046387,-7.06%
旺宏電子股份有限公司,22099548,"135,495.66","119,134.50","115,448.17","230,544.63","236,168.91","232,756.54","366,040.29","355,303.42","348,204.71",43487.454,27623.608,25883.475,8.417146932,12.86231038,13.45278058684,59.83%
京元電子股份有限公司,22507241,"4,941.32","4,476.13","6,161.70","273,896.11","275,643.96","298,090.45","278,837.43","280,120.09","304,252.15",36781.996,33025.307,26856.031,7.580812906,8.481982923,11.32900650882,49.44%
台灣卜蜂企業股份有限公司,36514783,"26,638.47","16,655.32","11,422.68","20,555.17","20,768.55","20,361.90","47,193.64","37,423.87","31,784.59",28959.22,29159.749,27957.258,1.629658534,1.283408509,1.13689940551,-30.24%
宏全國際股份有限公司,58176511,727.39,711.52,630.76,"32,930.96","35,246.20","31,376.15","33,658.35","35,957.71","32,006.91",24696.308,26409.207,28408.164,1.362889951,1.361559626,1.12667999241,-17.33%
福懋興業股份有限公司,14001199,"192,397.73","78,689.55","59,183.34","87,425.71","83,080.94","80,975.63","279,823.44","161,770.50","140,158.97",34722.655,28501.509,28715.705,8.058814627,5.675857373,4.88091690592,-39.43%
中國石油化學工業開發股份有限公司,3084741,"864,166.20","658,677.80","683,822.66","163,820.68","184,782.97","172,051.24","1,027,986.88","843,460.77","855,873.90",25027.795,26414.254,29442.175,41.07380934,31.93203071,29.06965602915,-29.23%
中鴻鋼鐵股份有限公司,7838854,"138,164.68","142,832.03","124,542.49","120,252.92","117,802.42","98,318.30","258,417.61","260,634.45","222,860.79",44503.494,37764.208,30461.521,5.806681381,6.90162627,7.31614123930,26.00%
景碩科技股份有限公司,70785139,"16,217.37","12,175.25","20,250.59","247,288.14","224,539.60","240,295.82","263,505.51","236,714.85","260,546.41",41626.486,26832.187,30534.979,6.330236715,8.822048311,8.53271947559,34.79%
台灣糖業股份有限公司,3794905,"62,704.12","59,740.89","60,884.66","2,855.42","2,787.62","2,520.95","65,559.54","62,528.51","63,405.61",28823.585,30187.223,31434.791,2.274510267,2.071356812,2.01705206184,-11.32%
新唐科技股份有限公司,28112646,"36,272.65","18,725.68","20,522.89","35,316.64","35,031.35","33,297.93","71,589.28","53,757.02","53,820.82",41872.426,35348.149,31923.29,1.709699839,1.520787411,1.68594214443,-1.39%
元太科技工業股份有限公司,22099890,314.16,399.46,632.92,"17,259.59","19,166.43","19,031.74","17,573.74","19,565.89","19,664.65",30060.509,27119.755,32163.133,0.58461219,0.7214626386,0.61140343511,4.58%
南亞電路板股份有限公司,16096804,"9,388.39","3,227.80","5,498.22","477,488.77","439,642.31","422,416.07","486,877.16","442,870.11","427,914.30",64646.836,42252.578,32283.331,7.531337806,10.48149322,13.25496120583,76.00%
南亞科技股份有限公司,89390656,"59,787.80","56,653.82","37,972.92","370,856.02","373,670.30","370,074.85","430,643.82","430,324.12","408,047.77",56952.275,29892.306,34131.667,7.561485823,14.39581543,11.95510814048,58.11%
建大工業股份有限公司,59619900,"15,304.07","10,746.19","11,434.57","18,581.76","16,071.40","15,282.72","33,885.83","26,817.59","26,717.29",38617.881,34443.676,34202.669,0.8774647682,0.7785925637,0.78114634855,-10.98%
豐興鋼鐵股份有限公司,55389357,"226,105.49","197,345.96","181,292.11","510,068.08","499,394.27","479,450.54","736,173.57","696,740.22","660,742.64",38604.929,34882.023,34379.324,19.06941909,19.97419186,19.21918650873,0.79%
華新科技股份有限公司,19004316,"2,508.68","2,448.51","2,991.62","53,208.14","53,493.09","56,028.13","55,716.83","55,941.60","59,019.74",35297.163,32797.671,34755.041,1.578507315,1.705657697,1.69816344052,7.58%
力鵬企業股份有限公司,33955322,"115,796.35","127,621.51","142,650.05","109,006.85","80,863.51","88,687.87","224,803.20","208,485.03","231,337.92",28501.393,29669.737,34825.223,7.887446063,7.026858041,6.64282666618,-15.78%
台橡股份有限公司,3553737,"96,746.43","101,347.44","107,069.33","52,404.09","42,997.72","31,921.76","149,150.52","144,345.17","138,991.09",33841.197,31426.889,37208.665,4.407365378,4.593046738,3.73544952500,-15.25%
金像電子股份有限公司,30955404,"24,646.08","17,955.67","28,464.04","69,914.99","65,303.53","59,720.85","94,561.07","83,259.20","88,184.89",32785.064,30043.95,38951.89,2.884272851,2.77124679,2.26394380350,-21.51%
漢翔航空工業股份有限公司,97160544,0.00,"3,580.15","2,770.96",0,"23,297.85","23,561.48",0,"26,878.01","26,332.44",30242.307,39100.002,39338.315,0,0.6874171004,0.66938403437,#DIV/0!
大連化學工業股份有限公司,12233428,"236,676.39","191,180.80","158,565.95","1,350,201.18","1,193,469.86","1,235,452.14","1,586,877.57","1,384,650.66","1,394,018.09",103371.419,47421.548,42475.774,15.3512217,29.19876551,32.81913332527,113.79%
台灣玻璃工業股份有限公司,11914002,"432,205.01","386,750.50","337,967.92","233,734.87","212,129.33","202,802.61","665,939.88","598,879.83","540,770.53",43859.066,45619.038,42502.81,15.18363113,13.12784873,12.72317124444,-16.20%
世界先進積體電路股份有限公司,84149358,"206,943.40","157,847.12","225,714.98","488,497.48","474,431.02","501,336.98","695,440.87","632,278.14","727,051.97",51694.31,38272.57,44054.762,13.45294811,16.52039934,16.50336846673,22.67%
長興材料工業股份有限公司,75339004,"15,108.63","13,974.88","17,458.27","18,415.78","17,360.05","17,443.58","33,524.42","31,334.93","34,901.84",49014.1,42451.576,44191.125,0.6839750194,0.7381334912,0.78979297314,15.47%
力晶積成電子製造股份有限公司,28112667,"89,694.04","49,145.13","68,785.39","576,742.56","533,798.51","614,772.17","666,436.59","582,943.65","683,557.56",76086.619,44022.552,44725.71,8.758919752,13.24193223,15.28332496007,74.49%
統一實業股份有限公司,73252657,"38,641.15","26,049.85","34,181.52","73,548.54","50,288.73","59,948.05","112,189.69","76,338.59","94,129.57",43480.28,35240.202,44859.298,2.580243044,2.16623588,2.09832909111,-18.68%
正隆股份有限公司,33085508,"1,070,465.94","1,116,076.53","1,070,014.22","273,369.18","222,145.92","196,861.58","1,343,835.12","1,338,222.45","1,266,875.80",43921.728,42165.465,45177.687,30.59613502,31.73740524,28.04206864331,-8.35%
中國人造纖維股份有限公司,7066907,"428,636.18","395,245.41","338,853.92","10,253.52","15,411.77","12,375.66","438,889.70","410,657.17","351,229.58",34118.148,38770.31,45380.155,12.86381957,10.59205278,7.73971750427,-39.83%
新光合成纖維股份有限公司,7435515,"123,911.16","106,566.01","109,311.74","198,555.64","180,607.16","177,378.76","322,466.81","287,173.16","286,690.51",45967.673,39565.14,46149.165,7.015077966,7.258236923,6.21225779491,-11.44%
榮成紙業股份有限公司,34202841,"553,840.81","485,181.32","465,175.31","325,331.09","262,149.96","236,648.63","879,171.90","747,331.29","701,823.95",52968.404,46712.029,47799.734,16.598044,15.9986904,14.68259112070,-11.54%
台灣聚合化學品股份有限公司,11917107,"25,507.76","20,983.00","17,225.05","114,342.62","121,408.27","107,717.07","139,850.39","142,391.27","124,942.12",66437.122,52264.762,51008.156,2.105003736,2.724422049,2.44945376971,16.36%
大立光電股份有限公司,22480876,"1,503.67","1,672.36",581.76,"147,745.27","162,602.96","164,159.13","149,248.94","164,275.32","164,740.89",47675.228,48842.247,59457.553,3.130534373,3.3633858,2.77073107936,-11.49%
東和鋼鐵企業股份有限公司,75280209,"188,524.14","221,987.26","211,659.48","604,192.76","600,126.78","545,473.51","792,716.90","822,114.05","757,132.99",59972.121,60961.908,60162.997,13.21809012,13.48570078,12.58469537347,-4.79%
環球晶圓股份有限公司,28113286,"1,597.72","1,702.00","1,648.35","156,368.48","143,491.38","143,728.27","157,966.20","145,193.38","145,376.62",70286.871,70651.593,62626.004,2.247449598,2.05506166,2.32134593802,3.29%
三陽工業股份有限公司,24004006,"10,726.33","11,424.54","11,765.97","23,019.53","25,533.30","25,648.35","33,745.86","36,957.84","37,414.32",50850.618,64461.239,65624.544,0.6636273329,0.5733343103,0.57012693300,-14.09%
巨大機械工業股份有限公司,56054251,"8,162.35","5,970.10","5,880.91","19,612.88","13,941.08","12,702.06","27,775.23","19,911.17","18,582.97",92043.675,76953.546,71278.772,0.3017614192,0.2587427225,0.26070833544,-13.60%
華通電腦股份有限公司,4401392,"3,285.23","2,888.97","3,315.30","163,398.89","142,573.99","137,493.92","166,684.12","145,462.96","140,809.22",76419.408,67078.773,72464.408,2.181175232,2.168539368,1.94315007721,-10.91%
力成科技股份有限公司,16082267,"6,731.80","12,132.31","5,574.17","340,533.57","294,316.02","298,553.84","347,265.37","306,448.34","304,128.01",83926.735,70440.945,73315.042,4.137720477,4.350429143,4.14823481926,0.25%
聯成化學科技股份有限公司,4748660,"40,948.93","37,101.17","29,114.72","14,702.99","14,442.36","12,513.77","55,651.92","51,543.54","41,628.48",72819.643,73196.046,73320.28,0.7642432413,0.7041847588,0.56776215257,-25.71%
燁輝企業股份有限公司,75947936,"69,176.65","63,898.00","69,255.08","75,392.26","81,464.35","80,529.00","144,568.91","145,362.35","149,784.08",83675.863,73295.376,73981.747,1.727725354,1.983240389,2.02460858352,17.18%
亞洲水泥股份有限公司,3244509,"2,907,128.79","2,634,141.99","2,481,183.00","166,587.66","148,714.13","132,153.58","3,073,716.45","2,782,856.11","2,613,336.57",90340.503,80182.799,76297.459,34.02368094,34.70639769,34.25194763039,0.67%
永豐餘工業用紙股份有限公司,27719048,"501,246.08","592,228.03","515,705.75","60,678.23","22,735.75","24,780.32","561,924.31","614,963.78","540,486.07",79635.878,73867.374,78413.139,7.05617021,8.32524221,6.89279981509,-2.32%
華邦電子股份有限公司,22099218,"37,151.44","44,008.89","49,055.38","267,455.23","352,997.87","334,705.93","304,606.67","397,006.76","383,761.31",94529.79,75006.078,81609.768,3.222335202,5.292994522,4.70239432613,45.93%
正新橡膠工業股份有限公司,59504506,"36,949.90","30,492.51","28,002.12","59,221.80","49,058.94","45,205.95","96,171.70","79,551.45","73,208.07",98622.877,96201.313,96247.057,0.9751459593,0.8269268633,0.76062658207,-22.00%
長春石油化學股份有限公司,11384806,"1,683,014.23","1,332,572.76","1,487,363.35","1,448,937.76","1,143,328.75","1,122,234.49","3,131,951.99","2,475,901.51","2,609,597.84",180887.684,105738.621,107254.036,17.31434623,23.41529979,24.33099897518,40.53%
欣興電子股份有限公司,23535435,"24,253.00","25,231.86","27,994.48","528,518.40","512,148.62","533,470.50","552,771.40","537,380.48","561,464.98",140489.172,104036.151,115373.282,3.934619246,5.165324503,4.86650782804,23.68%
長春人造樹脂廠股份有限公司,11384708,"655,495.42","307,007.73","305,352.46","716,895.62","845,766.68","859,752.48","1,372,391.04","1,152,774.41","1,165,104.94",150279.92,110232.768,117123.175,9.132231638,10.45763824,9.94768917424,8.93%
國巨股份有限公司,22636630,"2,527.21","4,711.87","4,344.71","70,461.07","70,336.48","67,086.99","72,988.28","75,048.35","71,431.70",121086.925,107609.336,121667.329,0.6027758984,0.69741486,0.58710666690,-2.60%
奇美實業股份有限公司,68387705,"318,643.12","420,682.99","383,069.34","252,312.19","122,128.14","93,258.78","570,955.31","542,811.13","476,328.11",153538.492,124821.623,132886.735,3.718646071,4.348694697,3.58446695225,-3.61%
台灣水泥股份有限公司,11913502,"4,312,389.50","3,457,473.61","3,301,181.06","206,283.93","186,326.65","191,233.76","4,518,673.43","3,643,800.26","3,492,414.83",113929.706,109314.335,154606.511,39.66194234,33.33323356,22.58905402761,-43.05%
華新麗華股份有限公司,35412204,"128,062.25","123,575.18","134,231.97","182,646.84","170,154.35","174,952.30","310,709.10","293,729.54","309,184.27",180400.719,189839.626,179318.34,1.722327393,1.547250941,1.72422001007,0.11%
台灣塑膠工業股份有限公司,75708007,"3,338,601.18","3,542,104.25","3,454,584.90","4,710,122.65","4,587,923.16","4,199,496.73","8,048,723.83","8,130,027.41","7,654,081.63",251647.354,199138.777,200040.347,31.98413853,40.82593824,38.26268922639,19.63%
群創光電股份有限公司,12800225,"111,928.05","107,455.73","73,697.03","2,365,216.10","2,305,279.79","2,123,167.35","2,477,144.14","2,412,735.52","2,196,864.38",223715.758,211740.557,216509.919,11.0727298,11.39477271,10.14671471010,-8.36%
聯華電子股份有限公司,47217677,"361,928.44","233,284.49","247,585.10","1,130,005.90","1,196,742.43","1,111,249.06","1,491,934.34","1,430,026.92","1,358,834.17",278705.264,222533,232302.584,5.353089922,6.426134191,5.84941478740,9.27%
南亞塑膠工業股份有限公司,75370905,"1,606,554.12","1,385,813.17","1,357,668.71","2,929,143.88","2,366,726.19","2,266,178.04","4,535,698.00","3,752,539.36","3,623,846.75",355183.3,259755.344,259608.483,12.77002044,14.44643757,13.95889189800,9.31%
遠東新世紀股份有限公司,3522600,"458,567.59","353,014.54","409,217.74","233,971.55","216,517.24","157,949.76","692,539.13","569,531.79","567,167.50",263944.525,257203.94,270953.983,2.623805627,2.214319851,2.09322444247,-20.22%
友達光電股份有限公司,84149738,"48,384.16","50,863.33","47,817.45","1,901,619.55","1,921,049.56","1,796,703.85","1,950,003.71","1,971,912.89","1,844,521.30",246792.674,247964.437,280245.421,7.901384099,7.952402021,6.58180709400,-16.70%
台灣化學纖維股份有限公司,58650902,"4,646,004.64","5,126,821.90","4,913,084.84","3,047,233.98","2,896,090.77","2,806,408.73","7,693,238.62","8,022,912.66","7,719,493.58",379896.563,332619.533,348607.574,20.25087713,24.12038941,22.14379191888,9.35%
中國鋼鐵股份有限公司,30414175,"18,248,808.26","16,808,553.91","17,586,099.74","1,381,927.90","1,257,852.43","1,176,830.21","19,630,736.16","18,066,406.34","18,762,929.95",449567.488,363326.498,360535.714,43.66582701,49.72498962,52.04180673763,19.18%
日月光半導體製造股份有限公司,76027628,"30,831.91","23,930.20","12,754.00","542,243.81","519,628.21","518,610.22","573,075.72","543,558.41","531,364.22",670872.643,581914.471,595409.585,0.8542243092,0.9340864287,0.89243477664,4.47%
統一企業股份有限公司,73251209,"30,490.12","32,439.89","33,126.37","43,184.77","45,122.40","44,577.95","73,674.89","77,562.29","77,704.32",524831.664,581102.935,657636.534,0.1403781347,0.1334742699,0.11815693926,-15.83%
台塑石化股份有限公司,86522210,"24,000,500.67","24,004,640.25","23,207,725.54","466,545.91","229,853.75","236,963.90","24,467,046.58","24,234,494.00","23,444,689.44",848048.496,712576.194,663823.047,28.85099932,34.00968795,35.31767923086,22.41%
台灣中油股份有限公司,3707901,"5,976,716.84","5,564,731.09","5,770,653.96","1,049,496.79","978,196.00","978,906.37","7,026,213.64","6,542,927.09","6,749,560.33",1221856.842,1103468.528,1097341.659,5.75043933,5.92941885,6.15082848140,6.96%
廣達電腦股份有限公司,22822281,474.30,942.99,809.35,"29,597.04","26,522.66","28,072.93","30,071.34","27,465.66","28,882.28",1280429.312,1085611.052,1410755.659,0.02348535739,0.02529972401,0.02047291451,-12.83%
台灣積體電路製造股份有限公司,22099131,"1,837,487.42","1,288,103.93","1,574,757.53","9,248,508.26","10,130,173.70","10,565,676.50","11,085,995.68","11,418,277.62","12,140,434.02",2263891.292,2161735.841,2894307.699,4.896876329,5.281994869,4.19458996160,-14.34%
台灣美光記憶體股份有限公司,28518076,"170,304.68","161,865.06","194,666.78","965,648.80","995,024.33","1,006,550.74","1,135,953.48","1,156,889.39","1,201,217.52",#VALUE!,#VALUE!,#VALUE!,#VALUE!,#VALUE!,#VALUE!,#VALUE!
台灣美光晶圓科技股份有限公司,80353271,"157,903.01","103,779.59","100,701.33","955,205.32","877,477.78","772,501.99","1,113,108.33","981,257.36","873,203.32",#VALUE!,#VALUE!,#VALUE!,#VALUE!,#VALUE!,#VALUE!,#VALUE!
矽品精密工業股份有限公司,55991080,"23,004.20","16,459.64","12,153.57","557,959.15","542,599.02","536,582.23","580,963.34","559,058.66","548,735.80",#N/A,#N/A,#N/A,#N/A,#N/A,#N/A,#N/A
聯亞科技股份有限公司,22099456,207.37,186.49,115.50,"584,353.94","553,519.49","533,365.37","584,561.31","553,705.98","533,480.88",#N/A,#N/A,#N/A,#N/A,#N/A,#N/A,#N/A
亞東工業氣體股份有限公司,22522453,"8,538.51","14,156.64","7,662.55","315,721.68","342,450.57","369,963.28","324,260.19","356,607.21","377,625.84",#N/A,#N/A,#N/A,#N/A,#N/A,#N/A,#N/A
台灣康寧顯示玻璃股份有限公司,4388145,"44,897.48","41,826.03","41,930.54","403,417.06","376,432.32","353,115.62","448,314.54","418,258.35","395,046.16",#N/A,#N/A,#N/A,#N/A,#N/A,#N/A,#N/A
燁聯鋼鐵股份有限公司,23218395,"239,648.82","190,757.81","223,796.28","330,488.09","294,245.97","305,517.84","570,136.91","485,003.78","529,314.11",#N/A,#N/A,#N/A,#N/A,#N/A,#N/A,#N/A
艾杰旭顯示玻璃股份有限公司,70584724,"102,226.83","109,046.08","114,705.43","270,270.33","279,959.83","274,354.58","372,497.16","389,005.92","389,060.01",#N/A,#N/A,#N/A,#N/A,#N/A,#N/A,#N/A
慶欣欣鋼鐵股份有限公司,80354671,"146,328.42","136,601.74","47,995.93","227,126.59","215,342.11","194,753.33","373,455.01","351,943.85","242,749.26",#N/A,#N/A,#N/A,#N/A,#N/A,#N/A,#N/A
中龍鋼鐵股份有限公司,84613756,"8,810,467.86","9,054,468.02","8,791,141.30","160,232.14","161,898.04","191,821.14","8,970,700.00","9,216,366.06","8,982,962.45",#N/A,#N/A,#N/A,#N/A,#N/A,#N/A,#N/A
協勝發鋼鐵廠股份有限公司,79254702,"83,136.71","83,797.40","77,806.88","179,537.17","190,747.73","174,113.21","262,673.87","274,545.14","251,920.09",#N/A,#N/A,#N/A,#N/A,#N/A,#N/A,#N/A
李長榮化學工業股份有限公司,39054405,"77,782.42","64,032.63","57,733.13","170,747.90","151,712.45","139,410.98","248,530.32","215,745.08","197,144.11",#N/A,#N/A,#N/A,#N/A,#N/A,#N/A,#N/A
台灣志氯化學股份有限公司,22318516,104.59,111.53,92.39,"153,547.45","136,331.11","127,803.99","153,652.03","136,442.64","127,896.38",#N/A,#N/A,#N/A,#N/A,#N/A,#N/A,#N/A
易昇鋼鐵股份有限公司,28098406,"44,407.20","65,362.93","44,171.78","128,470.53","116,084.51","117,001.57","172,877.74","181,447.44","161,173.35",#N/A,#N/A,#N/A,#N/A,#N/A,#N/A,#N/A
台灣醋酸化學股份有限公司,80087041,"52,676.19","16,203.87","14,925.15","119,353.91","119,983.09","116,129.47","172,030.10","136,186.96","131,054.62",#N/A,#N/A,#N/A,#N/A,#N/A,#N/A,#N/A
台灣必成股份有限公司,22662355,"50,413.84","40,358.44","43,846.77","153,554.47","114,311.00","109,776.39","203,968.30","154,669.44","153,623.16",#N/A,#N/A,#N/A,#N/A,#N/A,#N/A,#N/A
羅東鋼鐵廠股份有限公司,42010509,"39,293.30","38,794.88","71,473.13","105,467.35","105,144.97","97,634.48","144,760.65","143,939.85","169,107.61",#N/A,#N/A,#N/A,#N/A,#N/A,#N/A,#N/A
台灣福雷電子股份有限公司,22100242,442.61,"1,148.59","2,008.55","135,924.42","117,745.58","94,265.68","136,367.02","118,894.17","96,274.23",#N/A,#N/A,#N/A,#N/A,#N/A,#N/A,#N/A
中鋼鋁業股份有限公司,96971313,"68,907.38","54,489.56","56,879.80","109,592.72","93,090.68","92,637.68","178,500.10","147,580.24","149,517.48",#N/A,#N/A,#N/A,#N/A,#N/A,#N/A,#N/A
環球橡膠股份有限公司,29058640,"6,375.37","5,666.65","6,502.32","94,468.54","72,197.15","89,328.52","100,843.91","77,863.80","95,830.84",#N/A,#N/A,#N/A,#N/A,#N/A,#N/A,#N/A
台灣銅箔股份有限公司,61932639,"10,746.02","11,796.82","12,551.46","93,880.71","84,040.47","88,350.38","104,626.73","95,837.29","100,901.84",#N/A,#N/A,#N/A,#N/A,#N/A,#N/A,#N/A
建順煉鋼股份有限公司,55695790,"33,260.00","42,299.93","40,755.51","101,876.54","87,285.45","83,478.89","135,136.54","129,585.38","124,234.41",#N/A,#N/A,#N/A,#N/A,#N/A,#N/A,#N/A
台灣寶理塑膠股份有限公司,22853994,"6,323.65","4,724.63","6,692.54","106,169.60","71,835.30","80,553.97","112,493.26","76,559.93","87,246.51",#N/A,#N/A,#N/A,#N/A,#N/A,#N/A,#N/A
聯成鋼鐵股份有限公司,22822748,"31,768.24","28,884.62","10,762.08","65,840.15","68,394.89","72,226.22","97,608.39","97,279.52","82,988.31",#N/A,#N/A,#N/A,#N/A,#N/A,#N/A,#N/A
三義化學工業股份有限公司,23827741,"4,942.67","7,409.27","6,382.52","82,608.11","73,274.51","70,333.49","87,550.78","80,683.78","76,716.01",#N/A,#N/A,#N/A,#N/A,#N/A,#N/A,#N/A
亞東石化股份有限公司,22318678,"232,650.64","246,104.94","216,385.83","106,878.82","92,237.90","68,688.29","339,529.45","338,342.85","285,074.11",#N/A,#N/A,#N/A,#N/A,#N/A,#N/A,#N/A
艾克爾國際科技股份有限公司,16631664,"10,159.56","9,263.41","8,468.00","72,698.67","68,949.92","67,968.77","82,858.23","78,213.33","76,436.77",#N/A,#N/A,#N/A,#N/A,#N/A,#N/A,#N/A
信昌化學工業股份有限公司,86120031,"202,227.88","96,379.65","153,958.77","87,876.50","42,068.82","67,806.28","290,104.38","138,448.47","221,765.05",#N/A,#N/A,#N/A,#N/A,#N/A,#N/A,#N/A
晶兆成科技股份有限公司,28438025,"1,297.08","1,283.57","1,341.13","75,481.16","70,803.44","67,464.70","76,778.25","72,087.01","68,805.83",#N/A,#N/A,#N/A,#N/A,#N/A,#N/A,#N/A
裕鐵企業股份有限公司,85978401,"35,834.10","49,256.34","62,753.57","43,152.62","48,440.25","56,193.14","78,986.73","97,696.59","118,946.71",#N/A,#N/A,#N/A,#N/A,#N/A,#N/A,#N/A
晶元光電股份有限公司,84149786,"38,836.16","12,434.80","12,064.16","88,919.01","64,951.06","55,133.84","127,755.17","77,385.86","67,198.00",#N/A,#N/A,#N/A,#N/A,#N/A,#N/A,#N/A
尚承鋼鐵股份有限公司,27208480,"76,431.54","92,727.24","54,323.53","73,968.56","77,861.45","51,940.77","150,400.10","170,588.69","106,264.30",#N/A,#N/A,#N/A,#N/A,#N/A,#N/A,#N/A
台日古河銅箔股份有限公司,97168665,"3,460.99","2,977.98","3,728.26","50,921.10","48,142.90","51,873.81","54,382.09","51,120.88","55,602.07",#N/A,#N/A,#N/A,#N/A,#N/A,#N/A,#N/A
晉瑜企業股份有限公司,89939090,"12,879.91","11,003.67","10,626.34","54,887.58","58,768.22","51,725.91","67,767.49","69,771.89","62,352.26",#N/A,#N/A,#N/A,#N/A,#N/A,#N/A,#N/A
台塑科騰化學有限公司,53667030,"8,211.08","7,782.11","6,238.71","49,413.21","54,215.75","51,591.17","57,624.30","61,997.85","57,829.88",#N/A,#N/A,#N/A,#N/A,#N/A,#N/A,#N/A
中興紡織廠股份有限公司,35082604,"55,067.48","13,514.34","24,186.66","70,346.23","52,024.13","50,586.80","125,413.72","65,538.47","74,773.46",#N/A,#N/A,#N/A,#N/A,#N/A,#N/A,#N/A
聯華氣體工業股份有限公司,5258865,"1,254.22","2,301.56",864.10,"57,202.20","53,654.33","49,227.36","58,456.42","55,955.89","50,091.47",#N/A,#N/A,#N/A,#N/A,#N/A,#N/A,#N/A
台灣氯乙烯工業股份有限公司,19084015,"126,898.80","121,335.88","112,210.46","51,940.84","55,018.15","47,919.15","178,839.64","176,354.03","160,129.61",#N/A,#N/A,#N/A,#N/A,#N/A,#N/A,#N/A
新科光電材料股份有限公司,27366467,"10,408.90","9,894.31","10,552.93","53,606.12","50,736.57","44,295.87","64,015.02","60,630.88","54,848.80",#N/A,#N/A,#N/A,#N/A,#N/A,#N/A,#N/A
台灣通用器材股份有限公司,38119936,"3,806.71","3,781.05","2,882.48","42,576.73","44,135.15","43,956.86","46,383.44","47,916.20","46,839.34",#N/A,#N/A,#N/A,#N/A,#N/A,#N/A,#N/A
台塑旭彈性纖維股份有限公司,16446128,"1,256.07","4,347.63","3,377.46","46,508.08","39,197.09","43,900.91","47,764.16","43,544.72","47,278.37",#N/A,#N/A,#N/A,#N/A,#N/A,#N/A,#N/A
藍海氣體工業股份有限公司,28438186,118.72,103.49,60.65,"43,057.87","43,478.42","41,872.78","43,176.59","43,581.91","41,933.44",#N/A,#N/A,#N/A,#N/A,#N/A,#N/A,#N/A
德州儀器工業股份有限公司,33405832,52.26,"1,581.51",156.28,"46,756.12","46,339.18","40,694.23","46,808.38","47,920.69","40,850.50",#N/A,#N/A,#N/A,#N/A,#N/A,#N/A,#N/A
台灣石化合成股份有限公司,30974253,"52,348.67","46,948.23","47,681.43","49,863.71","37,895.67","38,572.62","102,212.38","84,843.90","86,254.05",#N/A,#N/A,#N/A,#N/A,#N/A,#N/A,#N/A
先豐通訊股份有限公司,22554807,"19,779.07","15,562.46","13,540.83","47,499.80","42,267.04","38,023.14","67,278.88","57,829.49","51,563.98",#N/A,#N/A,#N/A,#N/A,#N/A,#N/A,#N/A
名佳利金屬工業股份有限公司,45018531,"7,177.66","6,792.14","8,421.65","34,471.71","33,427.76","36,869.62","41,649.37","40,219.90","45,291.26",#N/A,#N/A,#N/A,#N/A,#N/A,#N/A,#N/A
嘉惠電力股份有限公司,96976990,"1,748,018.00","1,756,929.01","2,029,312.26","14,332.81","18,091.32","35,951.04","1,762,350.81","1,775,020.33","2,065,263.30",#N/A,#N/A,#N/A,#N/A,#N/A,#N/A,#N/A
義芳化學工業股份有限公司,15395706,"314,294.48","361,544.78","375,612.68","61,822.63","43,349.56","34,525.38","376,117.11","404,894.34","410,138.06",#N/A,#N/A,#N/A,#N/A,#N/A,#N/A,#N/A
遠東氣體工業股份有限公司,22956507,17.25,18.14,14.98,"37,720.78","33,395.98","34,377.13","37,738.03","33,414.13","34,392.12",#N/A,#N/A,#N/A,#N/A,#N/A,#N/A,#N/A
聯穎光電股份有限公司,53170263,"18,859.92","11,043.85","14,629.30","37,678.61","35,661.27","33,964.19","56,538.53","46,705.12","48,593.48",#N/A,#N/A,#N/A,#N/A,#N/A,#N/A,#N/A
廣源造紙股份有限公司,50301500,"90,257.03","68,702.42","85,578.11","40,652.25","35,129.33","32,822.14","130,909.28","103,831.75","118,400.25",#N/A,#N/A,#N/A,#N/A,#N/A,#N/A,#N/A
盧森堡商達爾國際股份有限公司,51158518,933.21,"15,028.06","25,152.44","10,708.83","25,557.98","31,671.35","11,642.04","40,586.04","56,823.80",#N/A,#N/A,#N/A,#N/A,#N/A,#N/A,#N/A
科德寶遠東股份有限公司,22663158,"3,692.83","3,473.73","3,773.55","34,423.32","30,592.83","30,907.08","38,116.15","34,066.55","34,680.63",#N/A,#N/A,#N/A,#N/A,#N/A,#N/A,#N/A
義美食品股份有限公司,11768704,"21,227.29","21,637.52","22,694.28","32,168.66","32,223.14","29,540.40","53,395.96","53,860.66","52,234.67",#N/A,#N/A,#N/A,#N/A,#N/A,#N/A,#N/A
台豐印刷電路工業股份有限公司,11833698,"1,192.93",752.13,867.48,"35,977.01","29,849.08","28,550.06","37,169.93","30,601.21","29,417.54",#N/A,#N/A,#N/A,#N/A,#N/A,#N/A,#N/A
台灣三元能源科技股份有限公司,90838471,0.00,0.00,"3,124.77",0,0,"28,438.14",0,0,"31,562.91",#N/A,#N/A,#N/A,#N/A,#N/A,#N/A,#N/A
六和機械股份有限公司,44528635,"8,881.85","8,041.60","7,605.10","34,568.36","32,296.26","28,237.58","43,450.21","40,337.86","35,842.68",#N/A,#N/A,#N/A,#N/A,#N/A,#N/A,#N/A
華夏玻璃股份有限公司,47109348,"90,669.50","76,030.98","93,556.34","28,039.38","26,120.55","28,006.01","118,708.89","102,151.53","121,562.35",#N/A,#N/A,#N/A,#N/A,#N/A,#N/A,#N/A
國瑞汽車股份有限公司,12488060,"10,206.43","10,099.27","10,251.93","28,086.14","28,600.10","27,158.25","38,292.57","38,699.37","37,410.18",#N/A,#N/A,#N/A,#N/A,#N/A,#N/A,#N/A
矽格聯測股份有限公司,84149456,375.48,377.16,351.98,"35,883.23","28,468.88","26,852.89","36,258.71","28,846.04","27,204.87",#N/A,#N/A,#N/A,#N/A,#N/A,#N/A,#N/A
旭德科技股份有限公司,16638110,"2,669.53","2,666.41","1,571.94","28,422.50","27,975.02","26,754.08","31,092.03","30,641.43","28,326.01",#N/A,#N/A,#N/A,#N/A,#N/A,#N/A,#N/A
中美和石油化學股份有限公司,14040691,"175,222.70","155,795.34","159,109.86","27,902.78","29,438.19","26,398.01","203,125.48","185,233.53","185,507.87",#N/A,#N/A,#N/A,#N/A,#N/A,#N/A,#N/A
住華科技股份有限公司,70848177,"13,503.74","12,894.83","10,868.21","31,258.66","30,920.40","26,118.29","44,762.40","43,815.22","36,986.50",#N/A,#N/A,#N/A,#N/A,#N/A,#N/A,#N/A
鴻揚半導體股份有限公司,90505585,"11,492.49","8,320.13","14,213.34","28,806.03","26,711.55","25,920.67","40,298.52","35,031.68","40,134.01",#N/A,#N/A,#N/A,#N/A,#N/A,#N/A,#N/A
餘慶堂興業股份有限公司,28730458,"15,466.75","17,708.20","16,625.16","23,736.24","23,691.45","24,559.54","39,202.99","41,399.65","41,184.70",#N/A,#N/A,#N/A,#N/A,#N/A,#N/A,#N/A
福隆玻璃纖維股份有限公司,22663571,"21,764.31","21,530.80","19,796.06","30,977.10","28,319.14","24,313.35","52,741.41","49,849.95","44,109.41",#N/A,#N/A,#N/A,#N/A,#N/A,#N/A,#N/A
美商蘋果電子股份有限公司,54393468,"3,179.52","3,017.38","1,262.85","25,568.04","25,262.37","23,949.99","28,747.56","28,279.75","25,212.84",#N/A,#N/A,#N/A,#N/A,#N/A,#N/A,#N/A
合眾紙業股份有限公司,4380087,"34,475.01","32,008.49","35,333.97","26,703.85","23,999.25","23,419.77","61,178.86","56,007.74","58,753.74",#N/A,#N/A,#N/A,#N/A,#N/A,#N/A,#N/A
台灣恩智浦半導體股份有限公司,89002500,"1,065.25","1,210.77",883.00,"67,486.62","61,873.14","23,397.40","68,551.87","63,083.91","24,280.40",#N/A,#N/A,#N/A,#N/A,#N/A,#N/A,#N/A
東培工業股份有限公司,7220508,"1,996.97","1,541.78","1,484.60","29,204.54","22,779.82","22,981.69","31,201.51","24,321.60","24,466.30",#N/A,#N/A,#N/A,#N/A,#N/A,#N/A,#N/A
龍慶鋼鐵企業股份有限公司,85793919,"26,586.72","21,852.11","16,093.94","49,218.05","38,331.24","22,809.64","75,804.77","60,183.35","38,903.58",#N/A,#N/A,#N/A,#N/A,#N/A,#N/A,#N/A
達輝光電股份有限公司,28230046,"16,011.18","14,522.21","15,687.73","22,973.15","22,535.49","22,727.68","38,984.33","37,057.70","38,415.40",#N/A,#N/A,#N/A,#N/A,#N/A,#N/A,#N/A
能元科技股份有限公司,16441469,"5,864.79","4,855.45","4,679.71","29,069.67","23,830.30","22,226.43","34,934.46","28,685.76","26,906.13",#N/A,#N/A,#N/A,#N/A,#N/A,#N/A,#N/A
林園先進材料科技股份有限公司,42818882,"252,680.77","204,778.65","198,807.30","21,953.35","26,068.95","22,130.14","274,634.12","230,847.60","220,937.44",#N/A,#N/A,#N/A,#N/A,#N/A,#N/A,#N/A
臺灣湯淺電池股份有限公司,35878589,"2,138.91","1,763.38","1,649.07","25,469.77","21,948.06","21,050.53","27,608.68","23,711.45","22,699.60",#N/A,#N/A,#N/A,#N/A,#N/A,#N/A,#N/A
古河銅箔股份有限公司,53372182,"1,443.34","1,044.09",981.84,"24,335.87","19,709.09","20,701.36","25,779.21","20,753.19","21,683.20",#N/A,#N/A,#N/A,#N/A,#N/A,#N/A,#N/A
高雄塑酯化學工業股份有限公司,85803825,"68,089.72","67,502.81","72,644.41","20,582.15","20,286.69","20,276.48","88,671.87","87,789.50","92,920.89",#N/A,#N/A,#N/A,#N/A,#N/A,#N/A,#N/A
立安東化工股份有限公司,20939460,"57,006.91","47,834.05","118,268.12","13,102.45","12,239.56","20,204.91","70,109.36","60,073.61","138,473.03",#N/A,#N/A,#N/A,#N/A,#N/A,#N/A,#N/A
元隆電子股份有限公司,22099174,"55,257.84","47,601.84","42,976.16","20,079.14","21,397.75","20,028.20","75,336.98","68,999.59","63,004.36",#N/A,#N/A,#N/A,#N/A,#N/A,#N/A,#N/A
臺灣紙業股份有限公司,11912102,"6,510.28","6,915.25","7,373.77","22,047.80","20,101.53","20,022.90","28,558.08","27,016.77","27,396.67",#N/A,#N/A,#N/A,#N/A,#N/A,#N/A,#N/A
合興石化工業股份有限公司,23531178,"24,060.00","23,591.98","22,391.49","26,648.85","27,132.48","19,739.05","50,708.86","50,724.46","42,130.54",#N/A,#N/A,#N/A,#N/A,#N/A,#N/A,#N/A
遠東先進纖維股份有限公司,89392269,"3,854.41","4,279.82","4,381.07","21,940.86","17,249.69","18,972.70","25,795.27","21,529.51","23,353.77",#N/A,#N/A,#N/A,#N/A,#N/A,#N/A,#N/A
台灣電力股份有限公司,3795904,"98,174,725.15","93,256,661.62","91,415,667.52","19,158.30","71,422.03","18,906.75","98,193,883.45","93,328,083.64","91,434,574.27",#N/A,#N/A,#N/A,#N/A,#N/A,#N/A,#N/A
日皓造紙工業股份有限公司,24001900,"20,259.75","21,702.22","21,698.05","19,357.17","20,393.58","18,480.81","39,616.92","42,095.80","40,178.86",#N/A,#N/A,#N/A,#N/A,#N/A,#N/A,#N/A
台灣普利司通股份有限公司,43031502,"11,129.05","9,994.90","11,120.56","19,609.39","17,770.72","18,035.40","30,738.44","27,765.63","29,155.96",#N/A,#N/A,#N/A,#N/A,#N/A,#N/A,#N/A
台灣華可貴股份有限公司,44883108,"6,699.45","4,979.72","5,344.51","24,572.59","18,902.52","17,652.56","31,272.05","23,882.25","22,997.07",#N/A,#N/A,#N/A,#N/A,#N/A,#N/A,#N/A
台硝股份有限公司,38033305,"47,460.66","47,325.90","43,849.67","17,707.93","16,658.11","17,278.67","65,168.59","63,984.01","61,128.34",#N/A,#N/A,#N/A,#N/A,#N/A,#N/A,#N/A
碁富食品股份有限公司,22360437,"6,716.44","5,783.77","6,186.01","18,371.63","17,705.06","17,053.67","25,088.07","23,488.83","23,239.68",#N/A,#N/A,#N/A,#N/A,#N/A,#N/A,#N/A
晉禾企業股份有限公司,88680066,"6,401.14","5,154.06","4,814.52","25,609.72","20,435.17","16,932.04","32,010.86","25,589.24","21,746.55",#N/A,#N/A,#N/A,#N/A,#N/A,#N/A,#N/A
台灣史谷脫紙業股份有限公司,11820053,"12,614.40","11,634.67","11,235.97","18,820.89","17,552.81","16,359.26","31,435.29","29,187.48","27,595.23",#N/A,#N/A,#N/A,#N/A,#N/A,#N/A,#N/A
中聯油脂股份有限公司,89480404,"31,178.71","30,735.24","29,803.33","15,984.66","15,541.88","15,941.14","47,163.37","46,277.12","45,744.47",#N/A,#N/A,#N/A,#N/A,#N/A,#N/A,#N/A
中華科盛德光罩股份有限公司,16083358,"4,254.76","1,733.30",549.65,"17,366.80","17,287.86","15,923.47","21,621.56","19,021.15","16,473.12",#N/A,#N/A,#N/A,#N/A,#N/A,#N/A,#N/A
友達晶材股份有限公司,24410807,149.55,116.57,20.26,"52,202.07","37,030.47","15,290.03","52,351.62","37,147.04","15,310.29",#N/A,#N/A,#N/A,#N/A,#N/A,#N/A,#N/A
金車股份有限公司,5007903,"15,561.80","16,176.87","16,809.18","15,585.96","15,540.37","14,696.15","31,147.76","31,717.24","31,505.32",#N/A,#N/A,#N/A,#N/A,#N/A,#N/A,#N/A
連大興有限公司,80445899,"25,345.67","18,379.71","17,170.24","15,586.89","13,063.02","14,077.00","40,932.56","31,442.73","31,247.24",#N/A,#N/A,#N/A,#N/A,#N/A,#N/A,#N/A
國聯矽業化學股份有限公司,36550632,"23,885.55","19,150.88","21,854.97","16,138.20","12,982.62","14,053.40","40,023.75","32,133.49","35,908.37",#N/A,#N/A,#N/A,#N/A,#N/A,#N/A,#N/A
漢泰鋼鐵廠股份有限公司,75688109,"30,095.00","32,352.48","32,204.11","13,506.37","14,637.55","13,861.56","43,601.37","46,990.03","46,065.67",#N/A,#N/A,#N/A,#N/A,#N/A,#N/A,#N/A
紡安股份有限公司,25131486,"13,562.08","8,649.62","2,145.09","35,489.24","24,731.62","13,253.70","49,051.32","33,381.23","15,398.80",#N/A,#N/A,#N/A,#N/A,#N/A,#N/A,#N/A
上評資源循環股份有限公司,91004618,"7,280.46","7,259.96","8,801.33","15,169.63","13,771.53","12,930.91","22,450.08","21,031.50","21,732.24",#N/A,#N/A,#N/A,#N/A,#N/A,#N/A,#N/A
萬洲化學股份有限公司,3244705,"26,370.25","26,950.49","39,130.78","13,808.61","12,803.83","12,795.49","40,178.85","39,754.32","51,926.27",#N/A,#N/A,#N/A,#N/A,#N/A,#N/A,#N/A
味丹企業股份有限公司,56121907,"41,947.31","35,504.87","38,744.62","13,674.91","12,140.13","11,676.02","55,622.22","47,645.00","50,420.65",#N/A,#N/A,#N/A,#N/A,#N/A,#N/A,#N/A
亞太優勢微系統股份有限公司,70815339,"6,618.04","6,178.67","10,391.32","12,220.18","12,295.49","11,641.12","18,838.23","18,474.16","22,032.44",#N/A,#N/A,#N/A,#N/A,#N/A,#N/A,#N/A
欣建工業股份有限公司,28042430,"15,903.58","16,979.25","14,500.19","14,295.80","11,803.83","10,603.00","30,199.38","28,783.08","25,103.19",#N/A,#N/A,#N/A,#N/A,#N/A,#N/A,#N/A
白馬窯業股份有限公司,34258318,"23,376.27","20,788.48","28,131.20","9,987.91","9,011.75","10,186.07","33,364.18","29,800.23","38,317.27",#N/A,#N/A,#N/A,#N/A,#N/A,#N/A,#N/A
大享容器工業股份有限公司,46007218,"52,614.76","38,377.09","37,409.78","13,371.73","9,748.00","9,971.44","65,986.49","48,125.09","47,381.23",#N/A,#N/A,#N/A,#N/A,#N/A,#N/A,#N/A
安瀚視特股份有限公司,70781345,"3,933.54","2,386.08","3,600.60","38,305.08","33,839.40","9,541.27","42,238.62","36,225.47","13,141.87",#N/A,#N/A,#N/A,#N/A,#N/A,#N/A,#N/A
泓達化工股份有限公司,23418128,"16,577.09","16,074.47","16,137.54","9,707.41","10,287.67","9,403.28","26,284.49","26,362.13","25,540.82",#N/A,#N/A,#N/A,#N/A,#N/A,#N/A,#N/A
艾克爾先進科技股份有限公司,16847968,"1,717.58",790.26,667.94,"11,358.67","10,780.51","9,323.30","13,076.25","11,570.77","9,991.24",#N/A,#N/A,#N/A,#N/A,#N/A,#N/A,#N/A
三洋窯業股份有限公司,34263157,"27,538.83","26,899.48","26,630.49","9,612.54","9,325.14","8,757.06","37,151.37","36,224.62","35,387.55",#N/A,#N/A,#N/A,#N/A,#N/A,#N/A,#N/A
鉅輝鋼鐵股份有限公司,13079654,"18,321.35","16,575.97","14,928.99","8,635.85","7,884.99","7,322.35","26,957.20","24,460.97","22,251.33",#N/A,#N/A,#N/A,#N/A,#N/A,#N/A,#N/A
新隆纖維染整股份有限公司,7472834,"36,909.85","35,121.08","31,682.32","7,746.25","6,942.08","6,229.88","44,656.10","42,063.17","37,912.20",#N/A,#N/A,#N/A,#N/A,#N/A,#N/A,#N/A
大鐘印染股份有限公司,57002416,"14,646.16","13,953.20","16,629.06","6,397.38","5,989.65","6,222.67","21,043.54","19,942.85","22,851.73",#N/A,#N/A,#N/A,#N/A,#N/A,#N/A,#N/A
曜智實業股份有限公司,12617727,"25,162.55","25,143.77","29,470.53","5,844.68","5,376.84","6,146.16","31,007.23","30,520.60","35,616.69",#N/A,#N/A,#N/A,#N/A,#N/A,#N/A,#N/A
東齊染整股份有限公司,54796568,"23,550.64","25,003.95","27,330.02","5,926.54","5,650.37","5,774.46","29,477.18","30,654.32","33,104.47",#N/A,#N/A,#N/A,#N/A,#N/A,#N/A,#N/A
錦美紙業股份有限公司,34175598,"25,200.25","22,675.42","12,605.36","15,959.99","11,080.62","5,644.57","41,160.23","33,756.03","18,249.93",#N/A,#N/A,#N/A,#N/A,#N/A,#N/A,#N/A
大園汽電共生股份有限公司,84526079,"586,629.06","564,803.62","543,718.98","6,011.28","1,825.82","5,445.01","592,640.34","566,629.45","549,163.99",#N/A,#N/A,#N/A,#N/A,#N/A,#N/A,#N/A
新桃電力股份有限公司,16596337,"569,118.93","759,054.23","757,014.58","6,399.36","7,002.94","5,430.14","575,518.29","766,057.17","762,444.72",#N/A,#N/A,#N/A,#N/A,#N/A,#N/A,#N/A
豐年豐和企業股份有限公司,16635562,"27,820.21","22,096.66","18,929.55","8,923.66","6,745.27","5,376.49","36,743.87","28,841.94","24,306.04",#N/A,#N/A,#N/A,#N/A,#N/A,#N/A,#N/A
和友紡織股份有限公司,35192807,"22,825.55","17,275.50","6,063.55","5,882.18","5,438.35","5,359.42","28,707.74","22,713.85","11,422.98",#N/A,#N/A,#N/A,#N/A,#N/A,#N/A,#N/A
晶成半導體股份有限公司,28114454,"2,020.89","2,123.67",814.31,"5,383.60","5,110.94","4,842.07","7,404.48","7,234.61","5,656.38",#N/A,#N/A,#N/A,#N/A,#N/A,#N/A,#N/A
東欣實業股份有限公司,89356756,"21,466.88","20,159.22","19,360.19","4,712.37","4,690.77","4,836.19","26,179.24","24,849.99","24,196.38",#N/A,#N/A,#N/A,#N/A,#N/A,#N/A,#N/A
臺群工業股份有限公司,25049986,"16,650.25","20,071.28","21,308.88","4,731.80","4,270.33","4,671.93","21,382.05","24,341.61","25,980.82",#N/A,#N/A,#N/A,#N/A,#N/A,#N/A,#N/A
台合科技股份有限公司,12691423,"25,175.48","28,380.83","61,774.32","4,420.75","3,619.94","4,288.64","29,596.23","32,000.77","66,062.96",#N/A,#N/A,#N/A,#N/A,#N/A,#N/A,#N/A
台灣高技股份有限公司,22099343,411.26,"1,107.01",212.78,"4,431.02","4,677.78","4,282.50","4,842.28","5,784.80","4,495.27",#N/A,#N/A,#N/A,#N/A,#N/A,#N/A,#N/A
長輝事業股份有限公司,97140061,0.00,0.00,"17,134.04",0,0,"4,169.66",0,0,"21,303.71",#N/A,#N/A,#N/A,#N/A,#N/A,#N/A,#N/A
東明纖維工業股份有限公司,7205416,"29,303.27","15,213.18","19,731.58","3,807.24","3,136.50","4,053.27","33,110.52","18,349.68","23,784.85",#N/A,#N/A,#N/A,#N/A,#N/A,#N/A,#N/A
大同染整股份有限公司,7014916,"33,101.17","27,561.05","17,075.41","7,974.65","6,690.74","4,009.28","41,075.82","34,251.79","21,084.69",#N/A,#N/A,#N/A,#N/A,#N/A,#N/A,#N/A
州霖股份有限公司,23271588,0.00,0.00,"9,438.29",0,0,"3,966.72",0,0,"13,405.00",#N/A,#N/A,#N/A,#N/A,#N/A,#N/A,#N/A
銓盟企業股份有限公司,23313356,"24,955.86","21,060.96","20,810.47","4,615.78","4,459.63","3,930.22","29,571.64","25,520.59","24,740.69",#N/A,#N/A,#N/A,#N/A,#N/A,#N/A,#N/A
星能電力股份有限公司,70783765,"1,013,876.06","1,035,912.17","1,037,839.40","3,257.10","2,614.25","3,901.97","1,017,133.16","1,038,526.42","1,041,741.37",#N/A,#N/A,#N/A,#N/A,#N/A,#N/A,#N/A
紘楷股份有限公司,70738116,"23,397.62","19,398.00","18,169.31","4,226.81","3,917.91","3,602.02","27,624.42","23,315.92","21,771.33",#N/A,#N/A,#N/A,#N/A,#N/A,#N/A,#N/A
翔新企業股份有限公司,84570243,"17,423.27","15,742.23","15,908.95","3,381.74","3,283.62","3,393.93","20,805.01","19,025.85","19,302.88",#N/A,#N/A,#N/A,#N/A,#N/A,#N/A,#N/A
獻麒紡織工業股份有限公司,22474430,"21,068.87","14,418.13","15,615.15","4,946.73","3,543.96","3,258.56","26,015.60","17,962.08","18,873.71",#N/A,#N/A,#N/A,#N/A,#N/A,#N/A,#N/A
和平電力股份有限公司,16096852,"7,380,815.09","7,995,241.51","6,936,330.32",749.63,1.38,"2,674.41","7,381,564.71","7,995,242.90","6,939,004.73",#N/A,#N/A,#N/A,#N/A,#N/A,#N/A,#N/A
錦州科技股份有限公司,53520959,"421,220.73","598,052.38","533,186.57","5,674.41","2,776.08","2,520.28","426,895.14","600,828.46","535,706.85",#N/A,#N/A,#N/A,#N/A,#N/A,#N/A,#N/A
麥寮汽電股份有限公司,96975970,"9,627,397.74","9,440,456.90","9,060,515.59",911.88,"2,923.19","2,483.85","9,628,309.62","9,443,380.10","9,062,999.44",#N/A,#N/A,#N/A,#N/A,#N/A,#N/A,#N/A
國光電力股份有限公司,70833553,"933,761.38","1,063,651.60","1,034,291.28","1,960.20","1,582.78","1,791.72","935,721.58","1,065,234.37","1,036,083.00",#N/A,#N/A,#N/A,#N/A,#N/A,#N/A,#N/A
星元電力股份有限公司,27945086,"1,018,129.16","1,074,511.01","1,161,083.48","1,599.84","2,181.50","1,789.82","1,019,729.00","1,076,692.51","1,162,873.31",#N/A,#N/A,#N/A,#N/A,#N/A,#N/A,#N/A
森霸電力股份有限公司,70783499,"2,145,184.49","2,193,251.41","2,241,729.59","3,225.02","2,371.20","1,213.44","2,148,409.52","2,195,622.61","2,242,943.03",#N/A,#N/A,#N/A,#N/A,#N/A,#N/A,#N/A
長生電力股份有限公司,96933037,"1,782,584.04","1,887,559.66","1,990,041.06","2,708.64","1,912.77","1,107.26","1,785,292.68","1,889,472.43","1,991,148.32",#N/A,#N/A,#N/A,#N/A,#N/A,#N/A,#N/A
華亞汽電股份有限公司,70783006,"1,716,522.27","1,824,453.15","1,680,064.20","127,976.31","19,954.83",984.02,"1,844,498.58","1,844,407.99","1,681,048.22",#N/A,#N/A,#N/A,#N/A,#N/A,#N/A,#N/A
南中石化工業股份有限公司,97161348,"9,741.23","1,556.64",129.41,"164,656.24","76,154.99",412.19,"174,397.47","77,711.63",541.6,#N/A,#N/A,#N/A,#N/A,#N/A,#N/A,#N/A
台灣汽電共生股份有限公司,86685142,"326,786.00","336,811.82","369,248.09","6,011.28",357.66,253.8,"332,797.28","337,169.48","369,501.89",#N/A,#N/A,#N/A,#N/A,#N/A,#N/A,#N/A
台灣科慕股份有限公司,24548079,"115,112.53",0.00,0.00,"137,501.27",0,0,"252,613.80",0,0,#N/A,#N/A,#N/A,#N/A,#N/A,#N/A,#N/A
敦南科技股份有限公司,23528103,"37,152.49","11,482.13",0.00,"23,122.44","7,137.71",0,"60,274.93","18,619.83",0,#N/A,#N/A,#N/A,#N/A,#N/A,#N/A,#N/A
富順纖維工業股份有限公司,7407200,"11,621.71",0.00,0.00,"2,615.80",0,0,"14,237.51",0,0,#N/A,#N/A,#N/A,#N/A,#N/A,#N/A,#N/A
新瑞倡企業股份有限公司,7620770,"7,317.06","3,378.17",0.00,"3,743.49","3,305.76",0,"11,060.55","6,683.94",0,#N/A,#N/A,#N/A,#N/A,#N/A,#N/A,#N/A
泰利實業股份有限公司,16007423,0.00,0.00,0.00,0,0,0,0,0,0,#N/A,#N/A,#N/A,#N/A,#N/A,#N/A,#N/A
九滎股份有限公司,80629340,"9,124.88",0.00,0.00,"3,232.86",0,0,"12,357.74",0,0,#N/A,#N/A,#N/A,#N/A,#N/A,#N/A,#N/A
全新光電科技股份有限公司,97170472,0.00,0.00,0.00,0,0,0,0,0,0,#N/A,#N/A,#N/A,#N/A,#N/A,#N/A,#N/A
財團法人工業技術研究院,2750963,115.37,170.01,0.00,"5,814.81","6,086.50",0,"5,930.18","6,256.51",0,#N/A,#N/A,#N/A,#N/A,#N/A,#N/A,#N/A
官田鋼鐵股份有限公司,72065240,0.00,0.00,0.00,0,0,0,0,0,0,#N/A,#N/A,#N/A,#N/A,#N/A,#N/A,#N/A
帆宣系統科技股份有限公司,23145632,81.04,0.00,0.00,744.58,0,0,825.61,0,0,#N/A,#N/A,#N/A,#N/A,#N/A,#N/A,#N/A
東華合纖股份有限公司,11083148,0.00,0.00,0.00,0,0,0,0,0,0,#N/A,#N/A,#N/A,#N/A,#N/A,#N/A,#N/A
金元福包裝企業股份有限公司,34227006,"1,020.47",544.77,0.00,"24,693.33","24,350.21",0,"25,713.80","24,894.98",0,#N/A,#N/A,#N/A,#N/A,#N/A,#N/A,#N/A
香榮實業股份有限公司,13035951,"19,915.05","16,715.08",0.00,"2,909.91","2,715.02",0,"22,824.96","19,430.10",0,#N/A,#N/A,#N/A,#N/A,#N/A,#N/A,#N/A
力晶科技股份有限公司,84149385,0.00,0.00,0.00,0,0,0,0,0,0,#N/A,#N/A,#N/A,#N/A,#N/A,#N/A,#N/A
千興不銹鋼股份有限公司,70005915,0.00,0.00,0.00,0,0,0,0,0,0,#N/A,#N/A,#N/A,#N/A,#N/A,#N/A,#N/A
中國合成橡膠股份有限公司,4382114,0.00,0.00,0.00,0,0,0,0,0,0,#N/A,#N/A,#N/A,#N/A,#N/A,#N/A,#N/A
中華映管股份有限公司,11085292,0.00,0.00,0.00,0,0,0,0,0,0,#N/A,#N/A,#N/A,#N/A,#N/A,#N/A,#N/A
元耀科技股份有限公司,16197211,0.00,0.00,0.00,0,0,0,0,0,0,#N/A,#N/A,#N/A,#N/A,#N/A,#N/A,#N/A
台光染整股份有限公司,43834853,0.00,0.00,0.00,0,0,0,0,0,0,#N/A,#N/A,#N/A,#N/A,#N/A,#N/A,#N/A
利芃國際股份有限公司,53121117,0.00,0.00,0.00,0,0,0,0,0,0,#N/A,#N/A,#N/A,#N/A,#N/A,#N/A,#N/A
協昌染整股份有限公司,33663649,0.00,0.00,0.00,0,0,0,0,0,0,#N/A,#N/A,#N/A,#N/A,#N/A,#N/A,#N/A
和桐化學股份有限公司,12526607,0.00,0.00,0.00,0,0,0,0,0,0,#N/A,#N/A,#N/A,#N/A,#N/A,#N/A,#N/A
東南水泥股份有限公司,83078600,0.00,0.00,0.00,0,0,0,0,0,0,#N/A,#N/A,#N/A,#N/A,#N/A,#N/A,#N/A
東展興業股份有限公司,22956176,0.00,0.00,0.00,0,0,0,0,0,0,#N/A,#N/A,#N/A,#N/A,#N/A,#N/A,#N/A
俊行記實業股份有限公司,84994452,0.00,0.00,0.00,0,0,0,0,0,0,#N/A,#N/A,#N/A,#N/A,#N/A,#N/A,#N/A
恆顥科技股份有限公司,53116310,0.00,0.00,0.00,0,0,0,0,0,0,#N/A,#N/A,#N/A,#N/A,#N/A,#N/A,#N/A
英全化學工業股份有限公司,57104700,0.00,0.00,0.00,0,0,0,0,0,0,#N/A,#N/A,#N/A,#N/A,#N/A,#N/A,#N/A
展頌股份有限公司,22927617,0.00,0.00,0.00,0,0,0,0,0,0,#N/A,#N/A,#N/A,#N/A,#N/A,#N/A,#N/A
勝華科技股份有限公司,22100398,0.00,0.00,0.00,0,0,0,0,0,0,#N/A,#N/A,#N/A,#N/A,#N/A,#N/A,#N/A
智晟實業股份有限公司,22034187,0.00,0.00,0.00,0,0,0,0,0,0,#N/A,#N/A,#N/A,#N/A,#N/A,#N/A,#N/A
統懋半導體股份有限公司,22404266,0.00,0.00,0.00,0,0,0,0,0,0,#N/A,#N/A,#N/A,#N/A,#N/A,#N/A,#N/A
詠順科技股份有限公司,23543245,0.00,0.00,0.00,0,0,0,0,0,0,#N/A,#N/A,#N/A,#N/A,#N/A,#N/A,#N/A
黃家紡織股份有限公司,23280117,0.00,0.00,0.00,0,0,0,0,0,0,#N/A,#N/A,#N/A,#N/A,#N/A,#N/A,#N/A
錦紅實業股份有限公司,34557673,0.00,0.00,0.00,0,0,0,0,0,0,#N/A,#N/A,#N/A,#N/A,#N/A,#N/A,#N/A