證券代號,公司名稱,業別,2024年度總能源使用量,2023年度總能源使用量,2022年度總能源使用量,使用變化,2024營收,2023營收,2022營收,營收變化,2024能效,2023能效,2022能效,能效進步率
6505,台塑石化股份有限公司,石化業,"351,642,900,000.00","364,274,130,000.00","365,406,000,000.00","-13,763,100,000.00","663,823,047,000","712,576,194,000","848,048,496,000","-184,225,449,000",0.5297238497,0.5112072689,0.4308786605,22.94%
1328,台灣中油股份有限公司,石化業,"92,900,000,000.00","86,500,000,000.00",NA,#VALUE!,"1,097,341,659,000","1,103,468,528,000","1,221,856,842,000","-124,515,183,000",0.08465913896,0.07838918628,#VALUE!,缺能源
1303,南亞塑膠工業股份有限公司,石化業,"29,288,428,000.00","33,639,615,000.00","40,449,629,000.00","-11,161,201,000.00","259,608,483,000","259,755,344,000","355,183,300,000","-95,574,817,000",0.1128176848,0.1295049968,0.1138838144,-0.94%
2002,中國鋼鐵股份有限公司,鋼鐵業,"182,734,510,000.00","178,018,751,000.00","192,777,937,000.00","-10,043,427,000.00","360,535,714,000","363,326,498,000","449,567,488,000","-89,031,774,000",0.5068416329,0.4899690828,0.4288075587,18.20%
3711,日月光半導體製造股份有限公司,半導體業,"16,058,499,000.00","15,573,719,600.00","15,642,846,800.00","415,652,200.00","595,409,585,000","581,914,471,000","670,872,643,000","-75,463,058,000",0.02697050804,0.02676290138,0.02331716305,15.67%
1764,長春石油化學股份有限公司,石化業,"17,908,233,000","16,891,876,000.00","23,022,418,000.00","-5,114,185,000","107,254,036,000","105,738,621,000","180,887,684,000","-73,633,648,000",0.1669702481,0.1597512417,0.1272746574,31.19%
1766,大連化學工業股份有限公司,石化業,"12,661,558,000.00","9,816,423,000.00","19,306,063,000.00","-6,644,505,000.00","42,475,774,000","47,421,548,000","103,371,419,000","-60,895,645,000",0.2980889295,0.2070034281,0.1867640319,59.61%
1301,台灣塑膠工業股份有限公司,石化業,"59,255,668,000.00","64,108,651,000.00","59,495,248,000.00","-239,580,000.00","200,040,347,000","199,138,777,000","251,647,354,000","-51,607,007,000",0.2962185823,0.3219295205,0.2364231018,25.29%
2303,聯華電子股份有限公司,半導體業,"14,866,944,000.00",NA,NA,#VALUE!,"232,302,584,000","222,533,000,000","278,705,264,000","-46,402,680,000",0.06399818609,#VALUE!,#VALUE!,缺能源
1765,長春人造樹脂廠股份有限公司,石化業,"20,322,225,000.00","20,286,117,000.00","21,463,180,000.00","-1,140,955,000.00","117,123,175,000","110,232,768,000","150,279,920,000","-33,156,745,000",0.1735115617,0.184029825,0.142821343,21.49%
8046,南亞電路板股份有限公司,電子業,"2,089,047,310.00","2,059,959,040.00","1,787,638,510.00","301,408,800.00","32,283,331,000","42,252,578,000","64,646,836,000","-32,363,505,000",0.06470978196,0.04875345216,0.02765237436,134.01%
6770,力晶積成電子製造股份有限公司,半導體業,"5,449,380,000.00","4,608,904,000.00","4,713,292,000.00","736,088,000.00","44,725,710,000","44,022,552,000","76,086,619,000","-31,360,909,000",0.1218399887,0.1046941577,0.06194639822,96.69%
1326,台灣化學纖維股份有限公司,石化業,"81,022,173,000.00","84,778,240,000.00","82,137,006,000.00","-1,114,833,000.00","348,607,574,000","332,619,533,000","379,896,563,000","-31,288,989,000",0.2324165596,0.2548805214,0.2162088684,7.50%
3037,欣興電子股份有限公司,電子業,"7,522,402,000.00",NA,NA,#VALUE!,"115,373,282,000","104,036,151,000","140,489,172,000","-25,115,890,000",0.06520055484,#VALUE!,#VALUE!,缺能源
2408,南亞科技股份有限公司,半導體業,"3,223,083,600.00","3,085,480,800.00","2,994,703,200.00","228,380,400.00","34,131,667,000","29,892,306,000","56,952,275,000","-22,820,608,000",0.0944308873,0.1032198988,0.05258267909,79.59%
9921,巨大機械工業股份有限公司,其他,"1,476,826,647.00","1,444,154,886.00","1,590,824,774.00","-113,998,127.00","71,278,772,000","76,953,546,000","92,043,675,000","-20,764,903,000",0.02071902483,0.01876658011,0.01728336873,19.88%
1763,奇美實業股份有限公司,石化業,"6,119,777,000.00","6,856,675,000.00","6,387,681,000.00","-267,904,000.00","132,886,735,000","124,821,623,000","153,538,492,000","-20,651,757,000",0.04605258004,0.05493178854,0.04160312451,10.70%
2337,旺宏電子股份有限公司,半導體業,"2,037,130,000.00","1,962,022,000.00","1,867,660,000.00","169,470,000.00","25,883,475,000","27,623,608,000","43,487,454,000","-17,603,979,000",0.07870388346,0.0710269998,0.04294709918,83.26%
1304,台灣聚合化學品股份有限公司,石化業,"1,062,358,000.00","1,135,078,000.00","1,140,935,000.00","-78,577,000.00","51,008,156,000","52,264,762,000","66,437,122,000","-15,428,966,000",0.0208272183,0.021717845,0.01717315509,21.28%
1102,亞洲水泥股份有限公司,水泥業,"12,567,000,000.00","11,959,122,000.00","13,534,761,000.00","-967,761,000.00","76,297,459,000","80,182,799,000","90,340,503,000","-14,043,044,000",0.1647105967,0.1491482232,0.1498194116,9.94%
2014,中鴻鋼鐵股份有限公司,鋼鐵業,"2,939,034,000.00",NA,NA,#VALUE!,"30,461,521,000","37,764,208,000","44,503,494,000","-14,041,973,000",0.0964834947,#VALUE!,#VALUE!,缺能源
2344,華邦電子股份有限公司,半導體業,"2,927,142,000.00","2,951,263,000.00","2,807,177,000.00","119,965,000.00","81,609,768,000","75,006,078,000","94,529,790,000","-12,920,022,000",0.03586754468,0.03934698465,0.02969621534,20.78%
3576,聯合再生能源股份有限公司,光電業,"291,616,700.00","318,470,400.00","452,423,300.00","-160,806,600.00","5,784,135,000","12,516,227,000","18,382,051,000","-12,597,916,000",0.0504166483,0.02544460084,0.02461223179,104.84%
3189,景碩科技股份有限公司,電子業,"1,888,320,422.50","1,696,321,684,000.00","1,854,812,555.90","33,507,866.60","30,534,979,000","26,832,187,000","41,626,486,000","-11,091,507,000",0.06184122224,63.21965794,0.04455847068,38.79%
6239,力成科技股份有限公司,半導體業,"2,580,696,190.00","2,440,671,950.00","2,757,696,700.00","-177,000,510.00","73,315,042,000","70,440,945,000","83,926,735,000","-10,611,693,000",0.03520009154,0.03464848392,0.03285838178,7.13%
4919,新唐科技股份有限公司,半導體業,"269,280,000.00","268,349,000.00","267,811,000.00","1,469,000.00","31,923,290,000","35,348,149,000","41,872,426,000","-9,949,136,000",0.008435220806,0.007591599775,0.006395879713,31.89%
2449,京元電子股份有限公司,半導體業,"3,280,382,620.00","2,914,304,760.00","2,859,557,200.00","420,825,420.00","26,856,031,000","33,025,307,000","36,781,996,000","-9,925,965,000",0.1221469628,0.08824459255,0.07774339381,57.12%
2474,可成科技股份有限公司,非鋼鐵金屬業,"1,733,390,730.00","1,624,594,540.00","574,454,940.00","1,158,935,790.00","18,084,188,000","18,073,884,000","27,820,529,000","-9,736,341,000",0.09585117839,0.08988629893,0.02064859874,364.20%
2023,燁輝企業股份有限公司,鋼鐵業,"1,965,299,000.00","1,856,433,000.00","1,888,747,000.00","76,552,000.00","73,981,747,000","73,295,376,000","83,675,863,000","-9,694,116,000",0.02656464709,0.02532810528,0.02257218429,17.69%
6488,環球晶圓股份有限公司,半導體業,"1,173,798,000.00","1,100,992,000.00","1,179,768,000.00","-5,970,000.00","62,626,004,000","70,651,593,000","70,286,871,000","-7,660,867,000",0.01874298095,0.01558339951,0.01678504084,11.66%
5347,世界先進積體電路股份有限公司,半導體業,"3,643,612,000.00","3,513,268,800.00","3,501,936,000.00","141,676,000.00","44,054,762,000","38,272,570,000","51,694,310,000","-7,639,548,000",0.08270642797,0.09179599907,0.06774316167,22.09%
2208,台灣國際造船股份有限公司,其他,"174,026,000.00","215,572,000.00","205,768,000.00","-31,742,000.00","14,494,347,000","21,476,365,000","21,994,050,000","-7,499,703,000",0.01200647397,0.01003763905,0.009355621179,28.33%
6153,嘉聯益科技股份有限公司,電子業,"251,386,000.00","304,321,065.00","377,529,153.00","-126,143,153.00","7,282,327,000","9,834,580,000","14,742,461,000","-7,460,134,000",0.03452000988,0.03094398185,0.02560828569,34.80%
3481,群創光電股份有限公司,光電業,"17,575,614,000.00","18,960,319,000.00","19,302,932,000.00","-1,727,318,000.00","216,509,919,000","211,740,557,000","223,715,758,000","-7,205,839,000",0.08117694599,0.08954505112,0.08628329168,-5.92%
6116,瀚宇彩晶股份有限公司,光電業,"1,688,793,390.00","1,997,347,840.00","2,077,753,360.00","-388,959,970.00","9,964,484,000","12,352,965,000","17,050,760,000","-7,086,276,000",0.1694812687,0.1616897514,0.1218569354,39.08%
1305,華夏海灣塑膠股份有限公司,石化業,"3,583,018,000.00","3,988,900,000.00","4,055,542,000.00","-472,524,000.00","11,086,725,000","13,707,305,000","17,637,479,000","-6,550,754,000",0.3231809213,0.2910054165,0.2299388705,40.55%
1434,福懋興業股份有限公司,紡織業,"4,027,389,000.00","3,799,689,000.00",NA,#VALUE!,"28,715,705,000","28,501,509,000","34,722,655,000","-6,006,950,000",0.1402503961,0.1333153624,#VALUE!,缺能源
1909,榮成紙業股份有限公司,造紙業,"25,184,801,530.00","25,015,776,120,000.00","23,482,370,210.00","1,702,431,320.00","47,799,734,000","46,712,029,000","52,968,404,000","-5,168,670,000",0.5268816251,535.5317818,0.4433278792,18.85%
2049,上銀科技股份有限公司,其他,"961,430,000.00","914,050,000.00","1,055,762,000.00","-94,332,000.00","24,391,684,000","24,632,772,000","29,314,648,000","-4,922,964,000",0.0394163027,0.03710707021,0.03601482781,9.44%
1717,長興材料工業股份有限公司,石化業,"634,856,235.00","547,514,666.00","584,070,194.00","50,786,041.00","44,191,125,000","42,451,576,000","49,014,100,000","-4,822,975,000",0.01436614784,0.01289739316,0.01191637088,20.56%
1440,臺南紡織股份有限公司,石化業,"1,044,508,430.00","1,304,437,800.00","1,392,908,640.00","-348,400,210.00","17,190,251,000","19,445,212,000","21,968,232,000","-4,777,981,000",0.06076167416,0.06708272453,0.06340558676,-4.17%
6443,元晶太陽能科技股份有限公司,光電業,"349,256,700.00","389,972,400.00","372,222,100.00","-22,965,400.00","4,514,018,000","8,260,947,000","9,005,063,000","-4,491,045,000",0.07737157893,0.04720674276,0.04133475801,87.18%
2106,建大工業股份有限公司,石化業,"450,451,550.00","457,983,480.00","560,114,600.00","-109,663,050.00","34,202,669,000","34,443,676,000","38,617,881,000","-4,415,212,000",0.01317007015,0.01329659122,0.01450402211,-9.20%
2015,豐興鋼鐵股份有限公司,鋼鐵業,"4,885,410,030.00","4,844,568,510.00","4,978,413,920.00","-93,003,890.00","34,379,324,000","34,882,023,000","38,604,929,000","-4,225,605,000",0.142103144,0.1388843907,0.1289579867,10.19%
3532,台塑勝高科技股份有限公司,半導體業,"946,258,000.00","948,337,000.00","984,330,000.00","-38,072,000.00","12,421,635,000","14,876,233,000","16,392,965,000","-3,971,330,000",0.07617821647,0.06374846374,0.06004587944,26.87%
1444,力麗企業股份有限公司,石化業,"1,235,462,000.00","1,401,721,000.00","2,044,794,000.00","-809,332,000.00","8,269,877,000","8,149,113,000","12,237,226,000","-3,967,349,000",0.1493930321,0.1720090272,0.167096203,-10.59%
6182,合晶科技股份有限公司,半導體業,"484,619,880.00","463,293,920.00","525,667,780.00","-41,047,900.00","8,721,123,000","10,047,814,000","12,677,431,000","-3,956,308,000",0.05556851795,0.04610892678,0.04146485041,34.01%
2313,華通電腦股份有限公司,電子業,"1,323,932,700.00","1,239,880,500.00",NA,#VALUE!,"72,464,408,000","67,078,773,000","76,419,408,000","-3,955,000,000",0.01827010993,0.01848394722,#VALUE!,缺能源
1308,亞洲聚合股份有限公司,石化業,"778,500,000.00","805,655,000.00","810,478,000.00","-31,978,000.00","6,031,266,000","6,717,128,000","9,815,332,000","-3,784,066,000",0.1290773778,0.1199403971,0.08257265266,56.32%
6147,頎邦科技股份有限公司,半導體業,"1,105,777,063.20","1,061,529,730.50","1,101,287,345.00","4,489,718.20","20,337,566,000","20,056,388,000","24,010,157,000","-3,672,591,000",0.0543711604,0.0529272634,0.04586756117,18.54%
1722,台灣肥料股份有限公司,其他,"656,500,000.00","651,090,000.00","680,100,000.00","-23,600,000.00","11,873,258,000","15,014,788,000","15,052,251,000","-3,178,993,000",0.05529232162,0.04336324962,0.04518261089,22.38%
3707,漢磊科技股份有限公司,半導體業,"294,687,000.00","291,282,000.00","305,784,000.00","-11,097,000.00","5,816,920,000","7,080,216,000","8,879,881,000","-3,062,961,000",0.05066031508,0.0411402703,0.0344355966,47.12%
1480,東盟開發實業股份有限公司,鋼鐵業,"640,498,140.00",NA,NA,#VALUE!,"8,691,643,000","8,943,512,000","11,690,408,000","-2,998,765,000",0.07369126182,#VALUE!,#VALUE!,缺能源
2028,威致鋼鐵工業股份有限公司,鋼鐵業,"1,796,335,470.00","1,737,601,351.00","1,900,058,820.00","-103,723,350.00","10,196,132,000","10,484,173,000","13,123,335,000","-2,927,203,000",0.1761781301,0.1657356618,0.1447847533,21.68%
1905,中華紙漿股份有限公司,造紙業,"17,737,248,000.00",NA,NA,#VALUE!,"20,767,530,000","20,955,451,000","23,651,129,000","-2,883,599,000",0.8540855846,#VALUE!,#VALUE!,缺能源
1723,中鋼碳素化學股份有限公司,石化業,"1,149,300,000.00","1,134,566,000.00","1,161,590,000.00","-12,290,000.00","7,647,470,000","8,317,678,000","10,459,797,000","-2,812,327,000",0.1502849962,0.1364041743,0.1110528244,35.33%
1232,大統益股份有限公司,食品業,"1,019,269,000.00","1,007,286,000.00","1,061,319,000.00","-42,050,000.00","22,066,604,000","23,560,347,000","24,676,960,000","-2,610,356,000",0.04619056924,0.04275344502,0.04300849862,7.40%
2105,正新橡膠工業股份有限公司,石化業,"1,199,392,870.00","1,262,546,220.00","1,669,495,620.00","-470,102,750.00","96,247,057,000","96,201,313,000","98,622,877,000","-2,375,820,000",0.01246160566,0.01312400196,0.01692807664,-26.38%
1451,年興紡織股份有限公司,紡織業,"1,093,374,990.00","1,255,412,660.00","1,630,298,150.00","-536,923,160.00","6,420,661,000","6,358,816,000","8,695,169,000","-2,274,508,000",0.1702900979,0.1974286817,0.1874947054,-9.18%
2012,春雨工廠股份有限公司,鋼鐵業,"353,747,920.00","308,767,860.00","383,062,240.00","-29,314,320.00","9,165,105,000","8,460,641,000","11,049,641,000","-1,884,536,000",0.03859725775,0.03649461784,0.03466739236,11.34%
2035,唐榮鐵工廠股份有限公司,鋼鐵業,"953,693,854.80","819,574,700.00","1,003,690,880.00","-49,997,025.20","12,189,393,000","10,706,636,000","14,021,337,000","-1,831,944,000",0.07823965105,0.07654829211,0.07158310794,9.30%
2316,楠梓電子股份有限公司,電子業,"317,785,700.00","296,640,330.00","361,293,390.00","-43,507,690.00","3,332,053,000","3,515,939,000","5,132,715,000","-1,800,662,000",0.09537234252,0.0843701583,0.07039030805,35.49%
1312,國喬石油化學股份有限公司,石化業,"4,740,253,640.00","4,742,213,040.00","5,039,392,730.00","-299,139,090.00","16,418,417,000","15,719,189,000","18,176,626,000","-1,758,209,000",0.288715632,0.3016830601,0.2772457732,4.14%
1109,信大水泥股份有限公司,水泥業,"269,285,820.00","318,485,770.00","287,085,640.00","-17,799,820.00","4,656,290,000","6,259,864,000","6,388,338,000","-1,732,048,000",0.05783269942,0.05087742641,0.04493901857,28.69%
1708,東南實業股份有限公司,石化業,"374,880,085.60","328,117,023.10","343,523,764.30","31,356,321.30","6,366,238,000","5,879,183,000","8,025,189,000","-1,658,951,000",0.0588856536,0.05580996936,0.04280569147,37.57%
8105,凌巨科技股份有限公司,光電業,"879,046,361,300.00",NA,NA,#VALUE!,"8,767,126,000","9,042,115,000","10,414,370,000","-1,647,244,000",100.2661946,#VALUE!,#VALUE!,缺能源
8110,華東科技股份有限公司,半導體業,"594,495,570.00","560,292,810.00","723,250,110.00","-128,754,540.00","7,859,456,000","7,276,069,000","9,506,348,000","-1,646,892,000",0.07564080389,0.0770048786,0.07608075257,-0.58%
1536,和大工業股份有限公司,汽車業,"290,502,000.00","317,052,000.00","341,528,400.00","-51,026,400.00","5,774,470,000","6,599,230,000","7,339,165,000","-1,564,695,000",0.05030799363,0.04804378693,0.04653504861,8.11%
1460,宏遠興業股份有限公司,紡織業,"907,360,890.20","912,739,359.80","1,453,193,840.00","-545,832,949.80","8,263,751,000","7,838,642,000","9,807,785,000","-1,544,034,000",0.1098001247,0.116441006,0.1481673834,-25.89%
8131,福懋科技股份有限公司,半導體業,"861,746,000.00","827,165,000.00","949,027,000.00","-87,281,000.00","8,932,564,000","7,648,594,000","10,433,443,000","-1,500,879,000",0.09647241262,0.10814602,0.09096009821,6.06%
1310,台灣苯乙烯工業股份有限公司,石化業,"2,684,883,000.00","2,370,779,000.00","2,773,453,000.00","-88,570,000.00","11,422,940,000","9,541,182,000","12,853,960,000","-1,431,020,000",0.23504308,0.2484785428,0.2157664253,8.93%
3264,欣銓科技股份有限公司,半導體業,"785,715,000.00","835,529,000.00","808,308,000.00","-22,593,000.00","13,100,592,000","14,052,235,000","14,499,155,000","-1,398,563,000",0.05997553393,0.05945879784,0.05574862811,7.58%
1802,台灣玻璃工業股份有限公司,玻璃業,"5,243,262,000.00","5,652,284,000.00","6,701,883,000.00","-1,458,621,000.00","42,502,810,000","45,619,038,000","43,859,066,000","-1,356,256,000",0.1233627141,0.1239018675,0.152804964,-19.27%
2038,海光企業股份有限公司,鋼鐵業,"1,589,502,790.00","1,573,487,750.00","1,624,900,740.00","-35,397,950.00","9,724,332,000","9,365,089,000","11,044,978,000","-1,320,646,000",0.1634562446,0.1680163157,0.1471167023,11.11%
2355,敬鵬工業股份有限公司,電子業,"515,141,880.00","651,779,960.00","701,926,980.00","-186,785,100.00","16,355,210,000","16,749,415,000","17,614,328,000","-1,259,118,000",0.03149711193,0.03891359549,0.03984977343,-20.96%
1907,永豐餘工業用紙股份有限公司,造紙業,"21,360,000,000.00","36,232,511,000.00","36,451,408,000.00","-15,091,408,000.00","78,413,139,000","73,867,374,000","79,635,878,000","-1,222,739,000",0.2724033277,0.490507636,0.4577259511,-40.49%
1605,華新麗華股份有限公司,鋼鐵業,"10,107,910,000.00","10,300,000,000.00","8,380,425,000.00","1,727,485,000.00","179,318,340,000","189,839,626,000","180,400,719,000","-1,082,379,000",0.05636852315,0.05425632265,0.04645449889,21.34%
4989,李長榮科技股份有限公司,非鋼鐵金屬業,"415,951,460.00","438,553,410.00","459,782,710.00","-43,831,250.00","2,993,614,000","3,557,969,000","4,047,957,000","-1,054,343,000",0.1389462569,0.1232594803,0.1135838918,22.33%
1215,台灣卜蜂企業股份有限公司,食品業,"615,186,420.00","567,831,220.00","583,600,550.00","31,585,870.00","27,957,258,000","29,159,749,000","28,959,220,000","-1,001,962,000",0.02200453349,0.01947311755,0.02015249547,9.19%
3049,精金科技股份有限公司,光電業,"341,845,490.00","310,298,390.00","334,895,100.00","6,950,390.00","1,466,434,000","1,331,826,000","2,405,963,000","-939,529,000",0.2331134507,0.2329871845,0.1391937864,67.47%
3105,穩懋半導體股份有限公司,半導體業,"629,543,000.00","630,254,088.00","654,671,844.00","-25,128,844.00","17,457,713,000","15,836,498,000","18,334,336,000","-876,623,000",0.03606102357,0.03979756686,0.03570742044,0.99%
5425,台灣半導體股份有限公司,半導體業,"219,989,520.00","210,140,700.00","232,423,400.00","-12,433,880.00","14,828,792,000","14,616,014,000","15,687,134,000","-858,342,000",0.01483529609,0.01437742876,0.01481617993,0.13%
1413,宏洲纖維工業股份有限公司,石化業,"458,110,444.00","351,414,261.00","488,255,121.00","-30,144,677.00","2,305,985,000","1,995,376,000","3,145,933,000","-839,948,000",0.1986615021,0.1761143068,0.1552020088,28.00%
8150,南茂科技股份有限公司,半導體業,"1,812,028,170.00","1,693,373,040.00","1,741,243,080.00","70,785,090.00","22,695,909,000","21,356,228,000","23,517,064,000","-821,155,000",0.0798394182,0.07929176632,0.0740416865,7.83%
2441,超豐電子股份有限公司,半導體業,"788,533,488.00",NA,NA,#VALUE!,"15,213,240,000","13,570,076,000","15,950,309,000","-737,069,000",0.05183205471,#VALUE!,#VALUE!,缺能源
3374,精材科技股份有限公司,半導體業,"693,741,456.00","653,566,057.00","654,490,984.00","39,250,472.00","7,059,941,000","6,386,868,000","7,731,797,000","-671,856,000",0.09826448351,0.1023296641,0.08464927157,16.08%
2369,菱生精密工業股份有限公司,半導體業,"428,682,283.20",NA,NA,#VALUE!,"5,372,560,000","5,660,171,000","6,006,806,000","-634,246,000",0.07979106482,#VALUE!,#VALUE!,缺能源
8358,金居開發股份有限公司,非鋼鐵金屬業,"729,084,000.00","771,994,000.00","835,088,000.00","-106,004,000.00","6,821,558,000","6,169,504,000","7,407,454,000","-585,896,000",0.1068793962,0.1251306426,0.1127361709,-5.20%
4960,誠美材料科技股份有限公司,光電業,"486,997,000.00","507,226,000.00","513,275,000.00","-26,278,000.00","8,927,193,000","9,237,663,000","9,499,682,000","-572,489,000",0.05455208597,0.05490847631,0.05403075598,0.96%
2492,華新科技股份有限公司,半導體業,"1,469,356,773.60","1,322,119,864.40","1,336,649,268.00","132,707,505.60","34,755,041,000","32,797,671,000","35,297,163,000","-542,122,000",0.04227751518,0.04031139481,0.03786846178,11.64%
6257,矽格股份有限公司,半導體業,"568,983,800.00","543,041,160.00","568,793,750.00","190,050.00","18,218,144,000","15,479,501,000","18,694,345,000","-476,201,000",0.03123171054,0.03508130915,0.03042597909,2.65%
1815,富喬工業股份有限公司,玻璃業,"1,518,720,000.00","1,507,802,000.00","1,684,225,000.00","-165,505,000.00","4,246,703,000","3,199,921,000","4,650,737,000","-404,034,000",0.3576233139,0.4711997577,0.3621415272,-1.25%
1737,臺鹽實業股份有限公司,食品業,"420,455,120.00","462,371,880.00","413,271,090.00","7,184,030.00","3,238,152,000","3,408,811,000","3,613,607,000","-375,455,000",0.129844158,0.1356402218,0.1143652561,13.53%
2108,南帝化學工業股份有限公司,石化業,"222,654,440.00","216,004,800.00","278,075,130.00","-55,420,690.00","11,364,286,000","8,942,042,000","11,668,543,000","-304,257,000",0.01959247066,0.02415609321,0.02383117841,-17.79%
4755,三福氣體股份有限公司,石化業,"276,796,000.00","161,123,000.00","212,786,000.00","64,010,000.00","5,324,424,000","4,990,961,000","5,618,600,000","-294,176,000",0.05198609277,0.03228296114,0.03787171181,37.27%
1773,勝一化工股份有限公司,石化業,"1,075,684,000.00",NA,NA,#VALUE!,"11,056,943,000","9,852,910,000","11,345,083,000","-288,140,000",0.09728584112,#VALUE!,#VALUE!,缺能源
1464,得力實業股份有限公司,紡織業,"636,231,170.00","705,914,450.00","805,902,520.00","-169,671,350.00","11,994,022,000","9,830,034,000","12,277,001,000","-282,979,000",0.05304568976,0.07181200492,0.06564327233,-19.19%
1709,和益化學工業股份有限公司,石化業,"1,280,465,000.00","1,330,309,000.00","1,299,940,000.00","-19,475,000.00","10,304,487,000","9,432,293,000","10,571,226,000","-266,739,000",0.1242628575,0.1410377095,0.1229696537,1.05%
6581,台灣鋼聯股份有限公司,石化業,"912,333,000.00","857,334,000.00","924,700,000.00","-12,367,000.00","2,378,461,000","2,041,441,000","2,637,583,000","-259,122,000",0.3835812317,0.4199651129,0.3505861237,9.41%
2342,台灣茂矽電子股份有限公司,半導體業,"345,627,000.00",NA,NA,#VALUE!,"1,893,958,000","1,483,112,000","2,151,511,000","-257,553,000",0.1824892632,#VALUE!,#VALUE!,缺能源
2323,中環股份有限公司,光電業,"313,905,000.00","326,469,000.00",NA,#VALUE!,"7,435,183,000","7,384,447,000","7,692,376,000","-257,193,000",0.0422188667,0.04421035184,#VALUE!,缺能源
2340,台亞半導體股份有限公司,半導體業,"333,761,510.00","261,672,000.00","249,024,000.00","84,737,510.00","4,299,897,000","3,972,279,000","4,529,777,000","-229,880,000",0.0776208151,0.06587452694,0.0549748917,41.19%
4401,東隆興業股份有限公司,紡織業,"457,972,400.00","313,020,700.00","539,519,600.00","-81,547,200.00","3,921,876,000","2,818,246,000","4,099,883,000","-178,007,000",0.1167738093,0.1110693318,0.1315939016,-11.26%
1220,台榮產業股份有限公司,食品業,"516,987,320,000.00",NA,NA,#VALUE!,"3,480,143,000","3,293,888,000","3,537,556,000","-57,413,000",148.5534704,#VALUE!,#VALUE!,缺能源
1470,大統新創股份有限公司,紡織業,"178,024,330.00","175,035,290.00","289,620,790.00","-111,596,460.00","788,039,000","655,221,000","845,152,000","-57,113,000",0.2259080198,0.2671393164,0.3426848543,-34.08%
1307,三芳化學工業股份有限公司,石化業,"1,329,589,000.00",NA,NA,#VALUE!,"10,779,822,000","10,086,736,000","10,763,499,000","16,323,000",0.1233405338,#VALUE!,#VALUE!,缺能源
2007,燁興企業股份有限公司,鋼鐵業,"766,772,000.00","457,442,000.00","686,035,000.00","80,737,000.00","6,899,957,000","5,015,149,000","6,828,696,000","71,261,000",0.1111270693,0.09121204574,0.1004635438,10.61%
1455,集盛實業股份有限公司,紡織業,"1,166,923,000.00","1,014,199,000.00","1,133,056,000.00","33,867,000.00","9,427,002,000","7,740,588,000","9,301,445,000","125,557,000",0.1237851652,0.1310235088,0.1218150513,1.62%
1409,新光合成纖維股份有限公司,紡織業,"2,993,900,000.00",NA,NA,#VALUE!,"46,149,165,000","39,565,140,000","45,967,673,000","181,492,000",0.06487441322,#VALUE!,#VALUE!,缺能源
2006,東和鋼鐵企業股份有限公司,鋼鐵業,"5,961,912,000.00","6,245,924,000.00","5,712,544,000.00","249,368,000.00","60,162,997,000","60,961,908,000","59,972,121,000","190,876,000",0.09909599417,0.1024561764,0.09525332612,4.03%
3265,台星科股份有限公司,半導體業,"216,370,760.00","209,770,910.00","216,933,000.00","-562,240.00","4,166,570,000","3,667,818,000","3,947,152,000","219,418,000",0.05193018718,0.0571922898,0.05495937324,-5.51%
3645,達邁科技股份有限公司,石化業,"512,259,190.00","429,876,510.00","471,300,240.00","40,958,950.00","2,246,579,000","1,593,021,000","1,889,360,000","357,219,000",0.228017439,0.2698498702,0.2494496761,-8.59%
8028,昇陽國際半導體股份有限公司,半導體業,"174,777,000.00","178,314,000.00","140,701,000.00","34,076,000.00","3,551,607,000","3,327,700,000","3,138,053,000","413,554,000",0.04921068125,0.05358475824,0.04483703749,9.75%
1806,冠軍建材股份有限公司,其他,"909,289,150.00","1,250,285,760.00","1,217,688,250.00","-308,399,100.00","3,429,476,000","3,137,657,000","3,006,408,000","423,068,000",0.2651393828,0.3984775136,0.4050309373,-34.54%
1456,怡華實業股份有限公司,紡織業,"130,026,587.20",NA,NA,#VALUE!,"1,042,275,000","1,684,895,000","617,250,000","425,025,000",0.1247526682,#VALUE!,#VALUE!,缺能源
6491,晶碩光學股份有限公司,玻璃業,"301,381,830.00","303,522,340.00",NA,#VALUE!,"6,817,305,000","6,789,861,000","6,321,198,000","496,107,000",0.04420835359,0.04470229067,#VALUE!,缺能源
5009,榮剛材料科技股份有限公司,鋼鐵業,"2,411,799,000.00","2,308,178,000.00","2,522,423,000.00","-110,624,000.00","12,864,438,000","13,525,251,000","12,365,317,000","499,121,000",0.1874779917,0.1706569438,0.203991778,-8.10%
1313,聯成化學科技股份有限公司,石化業,"277,289,750.00","270,761,770.00","215,362,280.00","61,927,470.00","73,320,280,000","73,196,046,000","72,819,643,000","500,637,000",0.003781897041,0.003699131098,0.002957475087,27.88%
1309,台達化學工業股份有限公司,石化業,"849,477,000.00","809,083,000.00","772,037,000.00","77,440,000.00","18,622,910,000","15,205,462,000","18,083,799,000","539,111,000",0.04561462199,0.05321002413,0.04269219095,6.85%
2327,國巨股份有限公司,半導體業,"2,293,013,000.00","2,172,187,000.00","1,962,646,000.00","330,367,000.00","121,667,329,000","107,609,336,000","121,086,925,000","580,404,000",0.01884657959,0.02018586008,0.01620857083,16.28%
4207,環泰企業股份有限公司,食品業,"464,939,120.00","489,534,940.00",NA,#VALUE!,"5,634,860,000","5,339,217,000","5,044,450,000","590,410,000",0.08251121057,0.09168665368,#VALUE!,缺能源
5340,建榮工業材料股份有限公司,紡織業,"253,031,000.00","250,030,000.00","274,970,000.00","-21,939,000.00","1,969,541,000","1,232,147,000","1,334,967,000","634,574,000",0.1284720653,0.2029222163,0.205975129,-37.63%
1108,幸福水泥股份有限公司,水泥業,"2,543,040,700.00","2,513,454,280.00","2,392,270,820.00","150,769,880.00","4,867,094,000","5,094,743,000","4,149,253,000","717,841,000",0.5224967301,0.4933427025,0.5765545798,-9.38%
2329,華泰電子股份有限公司,半導體業,"593,478,050.00","612,173,750.00","601,534,400.00","-8,056,350.00","16,277,445,000","16,690,436,000","15,531,669,000","745,776,000",0.03646014777,0.03667811614,0.03872954027,-5.86%
6790,永豐餘消費品實業股份有限公司,造紙業,"1,307,478,000.00",NA,NA,#VALUE!,"10,896,652,000","10,264,803,000","10,124,589,000","772,063,000",0.1199889654,#VALUE!,#VALUE!,缺能源
2029,盛餘股份有限公司,鋼鐵業,"972,093,000.00","846,206,000.00","751,154,000.00","220,939,000.00","13,690,701,000","12,389,155,000","12,796,257,000","894,444,000",0.07100388797,0.0683021562,0.05870107173,20.96%
1104,環球水泥股份有限公司,水泥業,"671,659,000.00","605,294,000.00","545,167,000.00","126,492,000.00","7,953,734,000","7,802,362,000","7,055,789,000","897,945,000",0.08444574586,0.07757830257,0.07726520734,9.29%
6789,采鈺科技股份有限公司,半導體業,"407,967,100.00","368,517,600.00","298,774,800.00","109,192,300.00","10,002,074,000","7,236,928,000","9,077,148,000","924,926,000",0.04078825052,0.0509218276,0.03291505217,23.92%
4746,台耀化學股份有限公司,石化業,"359,727,752.00","324,316,215.00","303,554,265.00","56,173,487.00","4,731,046,000","4,360,448,000","3,765,504,000","965,542,000",0.07603556423,0.07437681059,0.08061451136,-5.68%
1563,巧新科技工業股份有限公司,非鋼鐵金屬業,"787,483,900.00","838,955,860.00","804,978,920.00","-17,495,020.00","7,473,579,000","7,779,316,000","6,401,739,000","1,071,840,000",0.1053690474,0.1078444249,0.1257437893,-16.20%
2367,燿華電子股份有限公司,電子業,"822,307,137.70","740,793,977.90","836,490,733.40","-14,183,595.70","18,531,998,000","14,960,822,000","17,423,501,000","1,108,497,000",0.0443722872,0.04951559332,0.04800933712,-7.58%
1904,正隆股份有限公司,造紙業,"14,460,961,000.00","14,398,090,000.00","13,153,671,000.00","1,307,290,000.00","45,177,687,000","42,165,465,000","43,921,728,000","1,255,959,000",0.3200907784,0.341466411,0.2994798155,6.88%
9907,統一實業股份有限公司,非鋼鐵金屬業,"1,263,060,000.00","993,971,000.00","1,432,081,000.00","-169,021,000.00","44,859,298,000","35,240,202,000","43,480,280,000","1,379,018,000",0.02815603579,0.02820559882,0.03293633344,-14.51%
1710,東聯化學股份有限公司,石化業,"3,132,611,680.00","3,153,367,222.00","2,834,659,820.00","297,951,860.00","23,784,620,000","20,816,931,000","22,081,099,000","1,703,521,000",0.1317074513,0.1514808894,0.1283749428,2.60%
9930,中聯資源股份有限公司,廢棄物處理業,"1,254,333,000.00","1,332,947,000.00","1,375,764,000.00","-121,431,000.00","13,290,553,000","12,394,902,000","11,382,629,000","1,907,924,000",0.09437778849,0.1075399386,0.1208652237,-21.91%
8069,元太科技工業股份有限公司,光電業,"446,286,000.00","261,755,500.00","303,848,900.00","142,437,100.00","32,163,133,000","27,119,755,000","30,060,509,000","2,102,624,000",0.01387570048,0.009651838669,0.01010790935,37.28%
8086,宏捷科技股份有限公司,半導體業,"149,823,144.00","139,612,680.00","145,891,908.00","3,931,236.00","4,455,584,000","2,723,100,000","2,163,751,000","2,291,833,000",0.03362592738,0.05126975873,0.06742546069,-50.13%
8463,潤泰精密材料股份有限公司,水泥業,"2,954,138,670.00","3,056,193,170.00","2,767,555,680.00","186,582,990.00","6,667,704,000","5,500,872,000","4,249,175,000","2,418,529,000",0.4430518616,0.5555834002,0.6513160037,-31.98%
1237,台灣糖業股份有限公司,食品業,"1,509,981,860.00","1,483,919,990.00","1,450,492,180.00","59,489,680.00","31,434,791,000","30,187,223,000","28,823,585,000","2,611,206,000",0.04803537138,0.04915722092,0.05032310103,-4.55%
2103,台橡股份有限公司,石化業,"253,256,000.00","321,716,000.00","397,355,000.00","-144,099,000.00","37,208,665,000","31,426,889,000","33,841,197,000","3,367,468,000",0.00680637158,0.01023696619,0.0117417537,-42.03%
9939,宏全國際股份有限公司,石化業,"843,249,000.00","820,033,000.00","788,132,000.00","55,117,000.00","28,408,164,000","26,409,207,000","24,696,308,000","3,711,856,000",0.02968333328,0.03105102701,0.03191294828,-6.99%
3583,辛耘企業股份有限公司,半導體業,"74,906,000.00","69,338,170.00","70,679,040.00","4,226,960.00","9,688,280,000","6,911,981,000","5,649,986,000","4,038,294,000",0.007731609739,0.01003159152,0.0125095956,-38.19%
1314,中國石油化學工業開發股份有限公司,石化業,"3,036,179,064.00","3,092,000,000.00","3,915,000,000.00","-878,820,936.00","29,442,175,000","26,414,254,000","25,027,795,000","4,414,380,000",0.1031234637,0.1170580097,0.1564260855,-34.08%
6274,台燿科技股份有限公司,電子業,"191,449,900.00","185,659,700.00","201,618,000.00","-10,168,100.00","23,070,425,000","16,002,537,000","18,472,128,000","4,598,297,000",0.008298499052,0.01160189163,0.01091471432,-23.97%
2368,金像電子股份有限公司,電子業,"602,782,783.00","639,202,036.84","664,050,270.76","-61,267,487.76","38,951,890,000","30,043,950,000","32,785,064,000","6,166,826,000",0.01547505867,0.02127556586,0.02025465836,-23.60%
1447,力鵬企業股份有限公司,石化業,"2,340,408,000.00","2,133,023,000.00","2,281,610,000.00","58,798,000.00","34,825,223,000","29,669,737,000","28,501,393,000","6,323,830,000",0.06720439378,0.07189221125,0.08005257848,-16.05%
1402,遠東新世紀股份有限公司,石化業,"17,728,000,000.00","18,882,000,000.00","21,201,000,000.00","-3,473,000,000.00","270,953,983,000","257,203,940,000","263,944,525,000","7,009,458,000",0.06542808415,0.07341256125,0.08032369681,-18.54%
2101,南港輪胎股份有限公司,石化業,"420,228,360.00","422,026,270.00","410,900,920.00","9,327,440.00","15,223,519,000","7,851,974,000","7,412,234,000","7,811,285,000",0.02760389106,0.05374779259,0.05543550298,-50.21%
2634,漢翔航空工業股份有限公司,其他,"594,241,000.00","560,101,000.00","525,622,000.00","68,619,000.00","39,338,315,000","39,100,002,000","30,242,307,000","9,096,008,000",0.01510590883,0.01432483303,0.01738035395,-13.09%
1718,中國人造纖維股份有限公司,石化業,"3,494,375,000.00","4,043,779,000.00","4,666,639,000.00","-1,172,264,000.00","45,380,155,000","38,770,310,000","34,118,148,000","11,262,007,000",0.07700227115,0.10430092,0.13677879,-43.70%
3008,大立光電股份有限公司,光電業,NA,NA,NA,#VALUE!,"59,457,553,000","48,842,247,000","47,675,228,000","11,782,325,000",#VALUE!,#VALUE!,#VALUE!,缺能源
2206,三陽工業股份有限公司,汽車業,"351,122,944.01","387,130,424.66","360,868,555.87","-9,745,611.86","65,624,544,000","64,461,239,000","50,850,618,000","14,773,926,000",0.005350482039,0.006005631146,0.007096640514,-24.61%
2409,友達光電股份有限公司,光電業,"16,481,260,090.00","17,224,256,000.00","16,777,770,240.00","-296,510,150.00","280,245,421,000","247,964,437,000","246,792,674,000","33,452,747,000",0.05881009592,0.06946260604,0.06798325885,-13.49%
1101,台灣水泥股份有限公司,水泥業,"92,088,519,000.00","96,157,165,000.00","111,479,482,000.00","-19,390,963,000.00","154,606,511,000","109,314,335,000","113,929,706,000","40,676,805,000",0.5956315708,0.8796391159,0.9784935458,-39.13%
2382,廣達電腦股份有限公司,電子業,"3,410,887,539.10","3,245,215,881.70","3,252,193,191.50","158,694,347.60","1,410,755,659,000","1,085,611,052,000","1,280,429,312,000","130,326,347,000",0.002417773423,0.002989298861,0.00253992404,-4.81%
1216,統一企業股份有限公司,食品業,"1,705,790,000.00","1,667,418,000.00","1,601,648,000.00","104,142,000.00","657,636,534,000","581,102,935,000","524,831,664,000","132,804,870,000",0.002593818792,0.002869402131,0.003051736604,-15.01%
2330,台灣積體電路製造股份有限公司,半導體業,"90,133,200,000.00","82,854,000,000.00","75,470,400,000.00","14,662,800,000.00","2,894,307,699,000","2,161,735,841,000","2,263,891,292,000","630,416,407,000",0.03114154035,0.03832753218,0.03333658302,-6.58%
_16631664,艾克爾國際科技股份有限公司,半導體業,"7,290,324,000.00",NA,NA,#VALUE!,#N/A,#N/A,#N/A,#N/A,,,,缺營收
_51158518,美商達爾國際有限公司,半導體業,"2,371,587,000.00",NA,NA,#VALUE!,#N/A,#N/A,#N/A,#N/A,,,,缺營收
_55991080,矽品精密工業股份有限公司,半導體業,"5,709,380,000.00","5,381,363,000.00","5,381,363,000.00","328,017,000.00",#N/A,#N/A,#N/A,#N/A,,,,缺營收
_89002500,台灣恩智浦半導體股份有限公司,半導體業,"6,652,926,000.00","6,700,481,000.00","6,766,117,000.00","-113,191,000.00",#N/A,#N/A,#N/A,#N/A,,,,缺營收
_28518076,台灣美光記憶體股份有限公司,半導體業,NA,NA,NA,#VALUE!,NA,NA,NA,#VALUE!,NA,NA,NA,缺資料
_80353271,台灣美光晶圓科技股份有限公司,半導體業,NA,NA,NA,#VALUE!,NA,NA,NA,#VALUE!,NA,NA,NA,缺資料
_22099343,台灣高技股份有限公司,電子業,"175,473,739.20","178,537,657.90",NA,#VALUE!,#N/A,#N/A,#N/A,#N/A,,,,缺營收
_16441469,能元科技股份有限公司,其他,NA,NA,NA,#VALUE!,#N/A,#N/A,#N/A,#N/A,,,,缺營收
_36550632,國聯矽業化學股份有限公司,石化業,"70,549,200,000.00",NA,NA,#VALUE!,#N/A,#N/A,#N/A,#N/A,,,,缺營收
_84149786,晶元光電股份有限公司,光電業,"1,670,162,000.00","1,817,239,000.00","1,972,009,000.00","-301,847,000.00",#N/A,#N/A,#N/A,#N/A,,,,缺營收
_96971313,中鋼鋁業股份有限公司,非鋼鐵金屬業,"1,799,150,000.00","1,730,190,000.00","2,124,623,000.00","-325,473,000.00",#N/A,#N/A,#N/A,#N/A,,,,缺營收
_86120031,信昌化學工業股份有限公司,石化業,"2,541,765,000.00","1,418,191,000.00","2,886,074,000.00","-344,309,000.00",#N/A,#N/A,#N/A,#N/A,,,,缺營收
_39054405,李長榮化學工業股份有限公司,石化業,"7,389,572,000.00","7,157,854,000.00","8,473,427,000.00","-1,083,855,000.00",#N/A,#N/A,#N/A,#N/A,,,,缺營收
_04388145,台灣康寧顯示玻璃股份有限公司,玻璃業,"35,280,000,000.00","36,000,000,000.00","36,720,000,000.00","-1,440,000,000.00",#N/A,#N/A,#N/A,#N/A,,,,缺營收
_75688109,漢泰鋼鐵廠股份有限公司,鋼鐵業,"623,199,000.00","627,607,000.00","584,064,000.00","39,135,000.00",#N/A,#N/A,#N/A,#N/A,,,,缺營收
_84613756,中龍鋼鐵股份有限公司,鋼鐵業,"98,908,052,000.00","101,741,339,000.00","110,392,735,000.00","-11,484,683,000.00",#N/A,#N/A,#N/A,#N/A,,,,缺營收